hotel_name,location,price,room_type,beds,rating,rating_title,number_of_ratings,Size_m2
رواح للوحدات السكنية,Taif,190,One-Bedroom Apartment,2,7.5,Good,180,54
Aloft Riyadh Hotel,Riyadh,475,"Breezy Room, Guest room, 1 King",1,8.2,Good,2947,32
Nourth House ApartHotel,Al Qurayyat,200,Budget Twin Room,2,7.5,Good,264,35
Dyar Al Hamra Hotel,Jeddah,340,Junior Suite King,1,7.7,Good,3923,28
Courtyard by Marriott Riyadh Northern Ring Road,Riyadh,525,"Standard, Guest room, 1 King",1,8.1,Good,1032,30
جراند بلو للشقق الفندقية,Dammam,207,One-Bedroom Apartment,1,7.3,Good,114,29
Golden Bujari Al-Dhahran - Hotel,Al Khobar,490,Deluxe Twin Room,2,8.4,Good,2315,40
Best Western Plus Buraidah,Buraydah,330,Grand Non-Smoking 2 Twin Beds Room,2,8.0,Good,1552,38
Al Hayatt Plus,Riyadh,210,Economy Quadruple Room,4,6.9,Very good,2300,100
Courtyard by Marriott Riyadh Olaya,Riyadh,550,"Guest room, 2 Double",1,8.3,Good,2859,30
Orchida Turaif Hotel 2,Ţurayf,125,Single Room with Bathroom,1,7.6,Good,32,28
Rose Park,Riyadh,600,Standard Apartment,2,8.2,Good,139,40
Madinah Mövenpick Hotel,Madinah,626,One-Bedroom Suite,1,7.6,Good,3635,29
Grand Hyatt Alkhobar Hotel and Residences,Al Khobar,750,King Room,1,8.7,Fabulous,2257,34
Jabal Omar Marriott Hotel Makkah,Makkah,300,Superior Double Partial Haram View,2,7.8,Good,2671,55
Courtyard Riyadh by Marriott Diplomatic Quarter,Riyadh,490,"Guest room, 2 Double",1,8.1,Good,2443,30
Gulanar Hotel,Unayzah,350,Deluxe King Room,1,8.5,Good,1343,30
Le Meridien Riyadh,Riyadh,800,"Deluxe Room, Guest room, 2 Twin/Single Bed(s)",2,8.2,Good,764,33
Novotel Riyadh Al Anoud,Riyadh,360,Superior Queen Room,1,7.2,Good,2943,28
Centro Waha by Rotana,Riyadh,450,Standard Twin Room,2,7.5,Good,6614,35
Novotel Yanbu Albahr,Yanbu,480,Superior Double Room,1,8.0,Good,2591,33
Mövenpick Hotel City Star Jeddah,Jeddah,440,Superior King Room,1,8.5,Good,1614,30
Four Points by Sheraton Makkah Al Naseem,Makkah,149,King Room,1,8.5,Good,13389,29
أجنحة سالين - للوحدات السكنية المفروشة,Hail,99,Double Room with Private Bathroom,1,5.9,Very good,53,35
رمال الجزيره,Makkah,170,One-Bedroom Apartment,1,6.3,Very good,153,28
MENA AL DIYAR 114,Riyadh,140,Studio,1,6.3,Very good,292,40
Sharurah Plaza Hotel,Sharurah,200,One-Bedroom Apartment,2,8.7,Fabulous,294,46
Coral Al Ahsa Hotel,Al Khars,350,Standard Double Room,2,7.1,Good,1108,30
Ladera Hotel Tanomah,Tanomah,300,Studio,1,7.2,Good,163,30
القصر المميز خميس مشيط,Khamis Mushayt,134,Deluxe Double Studio,1,7.9,Good,281,27
ديوانية المسافر,Az Zulfi,79,One-Bedroom Apartment,2,8.0,Good,7,40
Al Jahwah hotel by AL BALAD INN,Al Namas,250,Junior Suite,1,8.1,Good,399,38
Al Andlus Palace 2 Hotel Kurban فندق قصر الاندلس 2 قربان,Makkah,180,Large Double Room,2,7.9,Good,58,43
Qemam Al Safwah Grand Hotel,Rafha,135,Double Room,1,5.9,Very good,19,30
Rabigh Park Hotel,Rabigh,252,Standard Double Room,1,8.0,Good,530,29
"Bay la sun , Luxury apartment with nice view",King Abdullah Economic City,950,Deluxe Family Suite with City View,2,8.5,Good,99,33
منتجع جيدا بارك,Riyadh,400,Cottage with Garden View,3,8.7,Fabulous,361,70
Kyona Purple -Al Qurayat,Jeddah,130,Studio,2,8.4,Good,79,50
وحدات النخيل,Al Rass,80,One-Bedroom Apartment,1,7.7,Good,224,28
Milan Hotel,Makkah,285,One-Bedroom Apartment,1,7.6,Good,15,29
Al Rawda Al Aqeeq Hotel,Madinah,130,Standard Twin Room,2,7.2,Good,3508,35
"Naseem ,S Country نزل النسيم الريفيHouse",Al Ula,500,Quadruple Room with Shared Bathroom,4,8.1,Good,285,70
Jawharat Al Amaken Hotel,Tayma,230,One-Bedroom Apartment,1,8.7,Fabulous,160,30
Crystal Blue Hotel,Rabigh,350,Deluxe Studio,1,7.1,Good,141,38
manzel aram 105,Riyadh,108,One-Bedroom Apartment,1,5.7,Very good,702,34
فندق جولدن العرين,Abha,150,Budget Double Room,1,9.9,Exceptional,127,30
فندق العروبة,Riyadh,89,King Studio,1,6.1,Very good,2409,28
Faifa Hotel,Fayfa,375,Double Room,1,7.0,Good,302,36
العييري للوحدات المفروشة الباحة3,Al Baha,110,Double Room with Private Bathroom,2,3.7,Very good,72,40
Anwar Al Zahraa Hotel,Madinah,100,Double Room,2,7.3,Good,260,45
OYO 242 Al Ahlam Resort Al Leith,Al Lith,387,Standard Studio Double,1,6.5,Very good,333,30
فندق سوار,Madinah,145,Small Twin Room,2,8.6,Fabulous,22,42
Golden Dakhil,Madinah,100,Economy Double Room,1,7.3,Good,420,30
الوادي للوحدات السكنية,Riyadh,200,Deluxe Twin Room,2,8.5,Good,149,34
عماره السيف,Rabigh,122,One-Bedroom Apartment,3,7.0,Good,76,50
"Park Inn by Radisson, Riyadh",Riyadh,352,Standard Room,1,8.2,Good,1373,30
Taleen AlAqiq hotel apartments,Riyadh,230,One-Bedroom Apartment,2,6.8,Very good,1206,39
REVERA RESORT,Madinah,850,Studio with Garden View,3,8.3,Good,47,60
Raghdan Village,Al Baha,297,One-Bedroom Chalet,2,5.9,Very good,410,33
فندق ضيوف النباريس,Jeddah,85,Studio,1,5.4,Very good,673,43
فندق صدفة,Riyadh,490,Deluxe King Room,1,8.8,Fabulous,83,40
Ramada Encore Al Khobar Olaya,Riyadh,319,Queen Room - Non-Smoking,1,7.5,Good,2776,35
Staytion First - Al Zahra,Jeddah,170,Studio Apartment,1,8.8,Fabulous,972,50
شاليهات سويت هوم الدرب الكدره,Ad Darb,450,One-Bedroom Apartment,1,9.1,Superb,28,29
وفود للوحدات السكنية المفروشة,Rafha,129,King Room,1,8.1,Good,65,33
القصر للاجنحة الفندقية (احد رفيده),Khamis Mushayt,340,Deluxe Queen Suite,4,8.6,Fabulous,99,60
العييري للوحات المفروشة جدة 5,Jeddah,86,Double Room with Private Bathroom,3,5.9,Very good,16,48
بست ون للوحدات السكنيه المفروشه,Al Duwadimi,270,One-Bedroom Apartment,1,8.6,Fabulous,22,30
شاليهات ارنيكا,Taif,300,Two-Bedroom Chalet,4,8.2,Good,71,100
Touq Balad,Jeddah,175,Budget Double Room,1,8.4,Good,504,33
توجاردن الحرمين,Jeddah,200,Executive Suite,2,9.0,Superb,85,45
Address Sharurah Hotel,Sharurah,200,Standard Double Room,2,8.1,Good,97,45
The first diamond الماسيه الاولي,Jeddah,225,Economy Double Room,1,8.3,Good,52,32
Al Madinah Concorde Hotel,Madinah,137,Deluxe King Room,1,6.8,Very good,703,28
Marina House,Riyadh,86,Budget Double Room,2,5.0,Very good,216,38
THORA ALAMJAD FURNISHED APARTMENTS (ذرى الامجاد للوحدات السكنية المفروشة (الراحة بلازا سابقا,Sharurah,119,Family Studio,1,7.2,Good,235,40
Durat Al Ruwmansiya 3,Tabuk,140,Deluxe Apartment,2,6.3,Very good,863,44
Shahad Al Taif,Taif,144,Studio Apartment,1,7.4,Good,2439,35
Business Inn Tahlia Hotel,Riyadh,237,Business King Room,1,6.6,Very good,1023,38
Manazeli AlKhozama منازلي الخزامى,Madinah,150,Economy Double Room,1,7.4,Good,5,32
reef101,Riyadh,150,Studio,1,6.1,Very good,200,40
فندق ارتال طيبة Artal Taiba Hotel,Madinah,83,Budget Triple Room,3,6.6,Very good,1117,30
""" لاڤيلا ""منتجع وشاليهات لا فيلا العرسان",Riyadh,250,Deluxe Double Room with Balcony,1,7.3,Good,86,34
شاطئ الحياة للأجنحة الفندقية,Jeddah,187,Studio,1,8.1,Good,380,35
Mirage Al Salam Hotel,Madinah,125,Basic Triple Room,3,7.2,Good,2530,40
ريحانة الورد,Abha ,88,Budget Double Room,1,6.9,Very good,28,28
Rihan Tibah Furnished Units,Madinah,99,Triple Room with Private Bathroom,3,5.4,Very good,36,50
لوريت للشقق والاجنحة الفندقية,Jeddah,225,Junior Suite,1,0.0,Very good,0,26
مزرعة بإطلالة على الجبل,Madain,1603,Family Room,8,8.5,Good,15,150
Al Rose Al Motamaiza Furnished Apartment,Jeddah,185,One-Bedroom Apartment,1,7.3,Good,485,28
ملفا للأجنحة الفندقية- فرع حي الموسى,Bishah,180,One-Bedroom Apartment,1,8.0,Good,144,28
Al Muhaidb Residence Al Khobar,Riyadh,255,Double Room,1,6.8,Very good,1202,28
Jamjoom Hotel - فندق الجمجوم,Jeddah,131,Deluxe King Room,1,6.2,Very good,724,28
Diamond Elite hotel,Jeddah,225,Twin Room,2,8.4,Good,1319,35
Almakan Suites 111,Riyadh ,61,Studio Apartment,1,4.0,Very good,830,29
Swiss EYE,Jeddah,219,Deluxe Twin Room,2,7.6,Good,1073,35
Al Hamra Palace ApartHotel Falastin,Jeddah,170,Deluxe Studio,1,6.7,Very good,1529,30
برج سما للشقق المفروشة,Jeddah,102,Studio,2,6.3,Very good,768,37
Ebreez Hotel,Jeddah,200,Deluxe King Room,1,7.5,Good,2248,30
Hawadah Hotel,Jeddah,230,Standard Double Room,1,7.3,Good,461,29
شدون للوحدات السكنية,Buraydah,144,Double Room - Disability Access,1,6.9,Very good,171,27
Durrat Hira ApartHotel,Jeddah,163,Studio,1,8.1,Good,1067,34
منتجع قرية الريف الفندقية,Taif,315,One-Bedroom Chalet,1,7.8,Good,95,100
منتجع قرية الفقرة,Madinah,1400,Two-Bedroom Villa,4,8.6,Fabulous,8,28
فندق رحابة Rahabah Hotel,Makkah,158,Budget Double Room,1,7.3,Good,14,28
Acacia Aparthotel,Jeddah,144,Economy Double Room,1,7.4,Good,1387,35
Danat Park Hotel,Yanbu,140,Budget Double Room,1,6.5,Very good,563,29
فندق بانوراما الخبر-Panorama ALkohbar Hotel,Riyadh,400,Duplex Studio,1,6.6,Very good,89,35
Rose Diamond Hotel,Madinah,100,Standard Quadruple Room,3,6.7,Very good,318,50
Makarim Palm Hotel,Rabigh,160,One-Bedroom Apartment,1,6.8,Very good,311,37
Luxury apartment in KAEC شقة فاخرة ابراج الشاطئ مدينة الملك عبدالله الاقتصادية - اطلالة علي المدينة,King Abdullah Economic City,1259,Apartment,5,9.4,Superb,7,100
مينا بلازا الطائف Mena Plaza Taif,Taif,140,Standard King Room,1,5.8,Very good,1112,60
Al Qibla Hotel,Madinah,285,Twin Room - Non-Smoking,2,6.3,Very good,1690,28
Orchida Al Hamra,Riyadh ,111,King Studio,1,5.8,Very good,15,28
فندق النهضة Al Nahda Hotel,Jeddah,111,Studio,1,6.3,Very good,340,40
رحاب الضيافة,Dammam,230,Two-Bedroom Apartment,6,0.0,Very good,0,80
Baisan Suites Al Jubail,Al Jubail,210,One-Bedroom Apartment,1,7.0,Good,607,28
Afaq Jeddah,Jeddah,162,Budget Double Room,1,6.8,Very good,2020,28
Naviti Warwick Al Khobar,Riyadh ,309,Deluxe Double Room,1,7.6,Good,3543,28
شاليه وئام,Umm as Salam,650,One-Bedroom Chalet,2,0.0,Very good,0,28
Almakan Hotel 103,Riyadh,144,One-Bedroom Apartment,1,6.0,Very good,1789,35
Bhadur Resort Jeddah,Jeddah,600,Standard  Room,1,5.7,Very good,854,29
Quartz Executive كوارتز التنفيذية,Abha,322,Superior Suite,2,8.5,Good,87,35
رواسل,Jeddah,168,Superior Twin Room,2,8.1,Good,79,30
Almuhaidb Residence Al Jubail,Al Jubail,250,Standard King Room,1,7.7,Good,1596,37
Nuzul mena 109,Riyadh,126,Studio Apartment,2,6.2,Very good,970,28
فندق العرب إن,Riyadh,75,Deluxe Double Room,2,7.3,Good,33,28
Royal El Naser Hotel,Riyadh,150,Deluxe Double Room,1,5.3,Very good,375,28
Karam Hiraa Hotel Apartments - كرم حراء للشقق الفندقية,Jeddah,229,Deluxe Double Studio,2,8.0,Good,864,28
Crown Rose Hotel,Riyadh,360,Superior Twin Room,2,7.8,Good,1139,40
دار اجواء 2,Riyadh,179,One-Bedroom Apartment,1,0.0,Very good,0,29
Genac Hotel Yanbu,Yanbu,100,Deluxe Double Room,2,7.1,Good,444,40
العييري للوحدات المفروشة جدة 6,Jeddah,160,Two-Bedroom Apartment,2,5.1,Very good,13,37
شاليهات سحاب,Buraydah ,1150,Two-Bedroom Chalet,3,9.1,Superb,14,50
شقق بيات العالية بوادي بن هشبل Bayat Al aliah Apartments in Wadi bin Hashbal,Bin Hashbal,130,One-Bedroom Apartment,1,8.9,Fabulous,21,30
سرو للوحدات السكنية,Al Namas,200,One-Bedroom Villa,1,7.6,Good,425,28
الحماد للشقق الفندقية - فرع قريش,Jeddah,120,One-Bedroom Apartment,1,7.2,Good,1836,28
Loalat Al Rowdah Family,Jeddah,210,Apartment,2,7.8,Good,466,28
شقق عمار - شقق خاصة,Al Ula,217,Budget Double Room,2,8.0,Good,67,28
العييرى للوحات المفروشة جدة4,Jeddah,85,Twin Room with Bathroom,2,3.8,Very good,20,35
Mena Andalusia Riyadh,Riyadh,213,Standard Room Twin,1,7.2,Good,3261,29
Gardino Hotel & Residence - فندق جاردينو,Riyadh,698,Deluxe Room,1,8.7,Fabulous,365,35
Al Andalus Palace 1 Hotel Haram فندق قصر الاندلس 1 الحرم,Madinah,170,Deluxe King Room,1,6.4,Very good,3257,30
Almasem Luxury Hotel suite 6,Riyadh,219,Economy Twin Room,2,7.6,Good,495,37
Golden Abha,Abha,74,Deluxe King Room,1,5.5,Very good,1216,28
Iris Boutique Taif Heart,Taif,297,Deluxe Queen Room,1,8.6,Fabulous,1354,40
Super 8 Al Riyadh,Riyadh,340,King Room - Non-Smoking,1,6.9,Very good,708,28
رانا الخليجية - rana alkhaleejiah,Riyadh,230,One-Bedroom Apartment,1,7.7,Good,17,28
إبريز الحجاز Amarena سابقا,Jeddah,111,Economy Double Room,1,7.0,Good,167,35
دارك للشقق المفروشة,Al Ula,300,Two-Bedroom Apartment,3,7.2,Good,179,50
Raihat Al Bustan Furnished Units,Haradh,180,Budget Double Room,2,6.4,Very good,8,35
شقق درة الجوف,Riyadh,120,Large Double Room,1,6.8,Very good,35,30
Rawabi Al Khobar Hotel,Riyadh,275,Standard Double Room,1,7.4,Good,369,37
Orchida Al Hamra,Riyadh,111,King Studio,1,5.8,Very good,15,28
عابر خميس مشيط,Khamis Mushayt,251,Superior Double Room,1,8.3,Good,402,33
شاليهات القمر,Taif,470,Two-Bedroom Chalet,3,9.2,Superb,13,300
Areen ApartHotel,Riyadh,171,Economy Double Room,1,7.4,Good,521,28
Al Eairy Apartment-Alqaseem 1,Buraydah,99,Twin Room,2,4.8,Very good,352,28
Luxury apartment in KAEC شقة فاخرة ابراج الشاطئ مدينة الملك عبدالله الاقتصادية - اطلالة علي المدينة,King Abdullah Economic,1259,Apartment,5,9.4,Superb,7,90
ريف عسير للشقق المفروشة,Khamis Mushayt,125,Deluxe Double Room,1,7.5,Good,34,29
Views Hotel & Residences,King Abdullah Economic,764,Studio with Courtyard View,1,8.3,Good,7034,35
Swiss International Taba Alsalam,Madinah,260,Double Room with Private Bathroom,1,7.7,Good,4439,30
Fakher Yanbu Hotel,Yanbu ,98,Studio,1,7.0,Good,1571,37
Le Park Shaqra,Shaqra ,340,Superior Suite,1,9.0,Superb,114,28
Orchida Turaif Hotel 1,Turayf,125,Twin Room,2,6.0,Very good,23,40
Diamond Suites,Madinah,156,Economy Double Room,1,7.1,Good,144,28
شاليهات نيو فيو الفندقيه,Taif,675,One-Bedroom Chalet,2,0.0,Very good,0,140
Jinan Al Nakhil Apartment Hotel,Al Muzahimiyah,193,Superior Suite,1,8.6,Fabulous,117,28
شاليه ودق,Buraydah,400,Double or Twin Room,2,0.0,Very good,0,28
The District Hotel Najran,Najran,421,Executive Suite with City View,1,8.4,Good,993,35
Asia Hotel,Riyadh,115,Standard Studio,1,5.5,Very good,304,29
سفن سيز 2 للوحدات السكينه,Jeddah,128,Studio,1,5.5,Very good,236,35
Freesia Hotel,Jeddah,234,Deluxe King Studio,1,7.8,Good,59,30
Pearl of Vision Hotel,Jeddah,153,Standard Double Room,1,8.5,Good,134,37
Pullman Zamzam Madina,Madinah,280,Classic Twin Room with Patio View,2,8.1,Good,12774,39
Al Eairy Apartments - Al Taif,Taif,95,Double or Twin Room,1,5.3,Very good,865,50
Danar Hotel Apartments 5,Riyadh,249,Double Room,1,6.5,Very good,724,28
شقق فندقية سبيل,Khamis Mushayt,85,Deluxe Queen Room,1,6.4,Very good,138,28
Raoum Inn - Hawtah Bani Tamim,Al Hillah,165,One-Bedroom Suite,1,6.4,Very good,126,35
Safa Albawadi,Jeddah,130,Twin Room,2,7.6,Good,773,29
Iwaa Alkharj Apartments,Riyadh,160,Deluxe Queen Room,1,7.8,Good,408,35
Lavana Furnished Apartments Salam,Jeddah,152,Studio,1,7.9,Good,796,28
Bay La Sun Hotel and Marina - KAEC,King Abdullah Economic,705,Deluxe Double Room with City View,1,8.2,Good,9052,28
Vision of Onaizah Furnished Units,Unayzah,153,Twin Room,2,8.2,Good,830,35
Rafa Homes,Riyadh,318,One-Bedroom Apartment,1,7.5,Good,915,29
فندق لافندر,Taif,229,Studio Apartment,1,8.3,Good,633,35
Dar Al Naem Hotel,Madinah,150,Standard Twin Room,2,6.4,Very good,1373,30
Executives Hotel - Azizia,Riyadh,279,Standard Double Room,1,8.0,Good,2709,37
فندق المحمل العصري,Sharurah Show on map,150,Double Room,1,0.0,Very good,0,28
Baylasun Life,King Abdullah Economic City,760,One-Bedroom Apartment,3,8.7,Fabulous,72,40
Gardens View,Taif,216,Standard Studio,1,7.3,Good,318,28
Hotel Qal'aat AlKhafji,AlKhafji,269,Deluxe Double Room,2,7.0,Good,6,28
Al Muhaidb Residence Al Takhassusi,Riyadh,250,Club Double Room,1,6.9,Very good,1092,28
Al Hayatt Plus,Madinah,175,Economy Double Room,2,6.9,Very good,2304,35
Al Eairy Furnished Apartments- Jeddah 2,Jeddah,100,Small Double Room,1,5.2,Very good,879,29
اوج للأجنحة الفندقية,Jazan,465,Standard Studio,1,8.9,Fabulous,40,35
Ramada by Wyndham Dammam Khaleej Road,Dammam,210,Queen Room - Smoking,1,6.9,Very good,4808,30
سويت ان العلا للشقق المفروشة الخاصة Sweet In alula Apartments and organizing tours,Al Ula,620,Three-Bedroom Apartment,8,7.6,Good,163,37
La fontaine Opal,Jeddah,280,Standard Double or Twin Room,1,8.2,Good,299,28
شالية مارينا,Al Muwayh,1000,Two-Bedroom Chalet,3,0.0,Very good,0,55
استراحة الخير,Riyadh,240,Two-Bedroom Chalet,2,0.0,Very good,0,48
دار العلاية,Sabt Alalayah,162,One-Bedroom Apartment,1,6.2,Very good,68,28
OYO 114 Dome Hotel Al Sulaimaniah,Riyadh,270,Two Bedroom Apartment,3,7.2,Good,2839,35
Ghoson Al Zaitoun Furnished Units,Sakakah,130,Double Room,1,7.1,Good,51,29
Lamar Al Bawadi Hotel,Jeddah,285,Executive Suite,1,8.0,Good,1664,35
Home Inn Hotel Suites,Riyadh ,210,Junior Suite,2,8.7,Fabulous,818,30
شاليهات فلورنيسا الطائف,Taif,1000,Deluxe King Room,1,8.5,Good,6,100
TRAMONTANE,Hail,231,Standard Double Room,1,8.5,Good,853,28
Relax Day Hotel,Tabuk,250,Economy Double Room,2,7.0,Good,278,28
Al Musafer Hotel Riyadh,Riyadh,142,Twin Room,2,5.9,Very good,608,35
"Radisson Blu Hotel, Yanbu",Yanbu,420,Standard Room,1,6.6,Very good,2434,29
Al Diafah Hotel Suites,Riyadh,230,Standard Double Room,1,7.1,Good,730,35
مشارف الفخامة,Ahad Rafidah,180,Double Room,1,7.8,Good,138,30
Hilton Garden Inn Riyadh Financial District,Riyadh,539,King Room,1,7.4,Good,700,37
Areej Hotel,Makkah,55,Double Room with Private Bathroom,2,6.3,Very good,239,30
Al Rabwah House,Riyadh,180,One-Bedroom Apartment,2,6.5,Very good,4,40
Naviti Warwick Dammam,Dammam,289,Standard Double Room,1,7.8,Good,3572,28
Nadra Furnished Apartments,Taif,280,Two-Bedroom Apartment,3,6.8,Very good,268,100
Najd Peak By Quiet Rooms,Riyadh,162,One-Bedroom Apartment,2,5.4,Very good,530,28
شقق جنان المفروشة Jenaan Apartments,Najran,133,One-Bedroom Apartment,1,8.1,Good,280,28
Mabet Al Tahlia Hotel Apartments,Jeddah,237,Deluxe King Studio,1,7.9,Good,1099,35
Diamond Tower Hotel,Jeddah,219,Superior  Twin Studio,2,8.6,Fabulous,1189,29
العييرى للوحدات السكنية بالقنفذة,Al Qunfudhah,95,Double Room with Private Bathroom,4,5.3,Very good,21,35
Maset Al Masem Al Khobar,Riyadh,300,Double Room with Private Bathroom,2,7.9,Good,648,30
دار شيمة,An Nuqrah,130,Deluxe Double Room,2,0.0,Very good,0,37
Taj Al Khaleej Furnished Units 2,Turayf,150,Deluxe Apartment,2,8.8,Fabulous,116,28
القبة الذهبية1,Riyadh,205,Two-Bedroom Apartment,3,6.6,Very good,180,40
Al Taif Gate Hotel Suites,Taif ,167,One-Bedroom Apartment,1,7.6,Good,4328,35
HDB hotel Sahafa فندق هدب الصحافه,Riyadh,324,Deluxe Double Room,1,7.6,Good,1157,28
Hayaa Hotel,Makkah,70,Double Room with Private Bathroom,2,6.3,Very good,386,28
ريف العلا,Al Ula ,250,King Room,1,7.8,Good,9,35
Nozol Royal Inn Hotel,Madinah,180,Quadruple Room with Bathroom,4,7.0,Good,4108,29
Golden Garden Al Corniche,Dammam,299,King Suite,1,7.2,Good,4641,35
Al Atlal Hotel,Riyadh,207,Double Room,1,6.9,Very good,1353,30
Bay La Sun Hotel and Marina - KAEC,King Abdullah Economic City,705,Deluxe Double Room with City View,1,8.2,Good,9052,37
فندق المحمل العصري,Sharurah,150,Double Room,1,0.0,Very good,0,28
Ghoson Al Zaitoun Furnished Units,Sakakah  ,130,Double Room,1,7.1,Good,51,37
Lamar Al Bawadi Hotel,Jeddah  ,285,Executive Suite,1,8.0,Good,1664,28
Home Inn Hotel Suites,Riyadh,210,Junior Suite,2,8.7,Fabulous,818,39
Al Musafer Hotel Riyadh,Riyadh ,142,Twin Room,2,5.9,Very good,608,30
Hilton Garden Inn Riyadh Financial District,Riyadh ,539,King Room,1,7.4,Good,700,29
شقق جنان المفروشة Jenaan Apartments,Najran ,133,One-Bedroom Apartment,1,8.1,Good,280,35
Maset Al Masem Al Khobar,Riyadh ,300,Double Room with Private Bathroom,2,7.9,Good,648,30
دار شيمة,Hail,130,Deluxe Double Room,2,0.0,Very good,0,37
Al Taif Gate Hotel Suites,Taif,167,One-Bedroom Apartment,1,7.6,Good,4328,35
ريف العلا,Al Ula,250,King Room,1,7.8,Good,9,28
Oasis Rise Hotel Apartments,Jeddah,207,Studio,1,7.9,Good,490,28
Al Rahaa Furnished Units,Abha,195,Two-Bedroom Apartment,3,7.8,Good,1378,35
بيتي الفاخرللشقق الفندقية,Riyadh,250,One-Bedroom Apartment,2,8.8,Fabulous,11,29
Farah Hotel,Makkah,65,Double Room with Private Bathroom,2,7.2,Good,260,35
الليل لك للاجنحه الفندقيه 2,Hail,182,Two-Bedroom Apartment,2,5.9,Very good,18,30
أجنحة ورد,Madinah,131,Junior Suite,3,5.7,Very good,103,37
Najd Peak By Quiet Rooms,Riyadh ,162,One-Bedroom Apartment,2,5.4,Very good,530,28
شقق جنان المفروشة Jenaan Apartments,Najran ,133,One-Bedroom Apartment,2,8.1,Good,280,40
Rafa Homes - Al Falah,Riyadh ,336,Standard One-Bedroom Apartment,1,7.6,Good,982,28
القبة الذهبية1,Riyadh ,205,Two-Bedroom Apartment,3,6.6,Very good,180,28
Al Taif Gate Hotel Suites,Taif,167,One-Bedroom Apartment,1,7.6,Good,4329,40
Mandaren Suites,Taif,280,One-Bedroom Apartment,1,8.7,Fabulous,251,54
Nozol Royal Inn Hotel,Madinah,189,Quadruple Room with Bathroom,4,7.0,Good,4108,28
Al Atlal Hotel,Al Khobar,207,Double Room,1,6.9,Very good,1353,28
منتجع ومزرعة الرند العلا,Al Ula,1250,Two-Bedroom Chalet without pool,5,7.2,Good,8,35
Zahrat Rozah By Quiet Rooms,Riyadh,189,One-Bedroom Apartment,2,6.7,Very good,346,29
Al Eairy Apartments- Tabuk 4,Tabuk,150,Apartment,3,5.0,Very good,327,35
فندق عروق الذهب المكية 1,Makkah,57,Double Room with Private Bathroom,2,7.2,Good,65,30
Methaq Hotel Suites,Riyadh,230,One-Bedroom Apartment,1,6.7,Very good,260,37
Al Safa Hotel Suites,Jazan,151,One-Bedroom Apartment,2,7.5,Good,1331,28
Golden Tulip Al Waha Hotel - Unayzah,Unayzah,350,Standard King Room,1,8.9,Fabulous,44,40
Nawazi Ajyad Hotel,Makkah,123,Double Room,1,6.3,Very good,3674,28
أبهى رفاف خميس مشيط,Khamis Mushayt,79,Budget Double Room,1,4.0,Very good,14,28
Dar Sadan Hotel Suites,Al Bukayriyah,220,Studio,1,7.5,Good,221,35
Rotana Hotel,Jeddah,161,Superior Twin Room,2,7.7,Good,1130,29
Capital O 419 Al Safeer Hotel,Riyadh,120,Standard Studio,2,5.9,Very good,1204,35
استراحة روح ابحر,Jeddah  ,720,Two-Bedroom Chalet,4,6.8,Very good,5,88
Pullman ZamZam Makkah,Makkah,330,Superior Twin Room with Partial Haram View,2,7.2,Good,23493,37
Swissotel Al Maqam Makkah,Makkah,360,Classic Twin Room with Haram View,2,8.3,Good,21957,28
فندق المختارون بلازا,Makkah,60,Deluxe Double Room,1,6.8,Very good,145,40
Rawasi Hotel Suites 3 (For Families Only),Jeddah,250,Two-Bedroom Apartment,3,7.6,Good,264,40
Samaya Royal Afif,Afīf,170,Superior Apartment,2,8.3,Good,253,37
RAK Hotel-Aparts,Jeddah,218,Premiere Double Room,1,7.4,Good,1361,35
Lavent Park Hotel Suites,Jeddah,210,Standard King Room,1,7.2,Good,548,29
دار كنان للوحدات السكنية,Jeddah,93,Budget Room,1,6.2,Very good,1020,35
Al Muhaidb Al Hada Resort,Taif,236,Economy Double Room,1,7.8,Good,802,33
Spectrums Residence Managed by The Ascott Limited,Jeddah,405,One-Bedroom Apartment,1,8.2,Good,1524,28
القصر للأجنحة الفندقية 9 البديع,Abha  ,565,Junior Suite,2,9.4,Superb,20,28
شقة شاطئ النخيل,Jeddah ,514,Three-Bedroom Apartment,7,8.3,Good,26,88
Dana Hotel & Residences 2,Riyadh ,270,One-Bedroom Suite,2,9.2,Superb,345,29
Hotel Ritaj Alsahel,Yanbu  ,200,Deluxe Room,1,7.9,Good,849,35
سكن وسط الطبيعة,Jeddah,372,One-Bedroom House,2,9.7,Exceptional,6,30
Diamond Elite Hotel,Jazan  ,225,Twin Room,2,8.2,Good,1272,37
حياة ريف للوحدات السكنية,Jeddah,143,One-Bedroom Apartment,2,7.7,Good,278,28
Ewaa Express Hotel - Gaber,Riyadh  ,375,Suite,1,8.9,Fabulous,562,40
"Radisson Blu Residence, Dhahran", Al Khobar ,349,Standard Room,1,8.3,Good,2955,28
Al kharboush For Furnished Units,Hafr Al Baten  ,148,Deluxe Room (2 Adults + 1 Child),1,8.2,Good,824,28
فندق كراون نجران,Najran ,199,Family Room with Private Bathroom,1,6.5,Very good,56,35
Retaj Al Bayt Suites,Makkah ,315,Standard Twin Room,2,7.7,Good,3361,29
قولدن سكوير طريق الرياض Golden Square Riyadh Road,Khamis Mushayt  ,280,One-Bedroom Apartment,2,9.0,Superb,755,35
Al Ghufran Safwah Hotel Makkah,Makkah ,309,Superior Double Room,2,8.8,Fabulous,7301,30
Aloft Dhahran Hotel,Al Khobar,375,"Aloft Room, 1 King",1,8.2,Good,4935,37
Ewaa Express Hotel - Al Rawda,Jeddah,259,Standard King Room,1,8.4,Good,382,28
Zaha Al Munawara Hotel,Madinah,141,Standard King Room,1,8.1,Good,3474,40
Manazil Al Dhayf,Jeddah,200,Twin Room,2,8.2,Good,910,28
Province Al Sham Hotel,Madinah,150,Twin Room,2,7.3,Good,2651,28
FLAMINGO Boutique Hotel,Jeddah,252,Junior Suite,2,8.3,Good,449,35
Nadra Furnished Apartments,Taif  ,280,Two-Bedroom Apartment,3,6.8,Very good,268,100
الاماكن,Al Ula  ,700,Holiday Home,3,0.0,Very good,0,66
فندق انتور جازان Intour Hotel,Jazan  ,342,Deluxe King Room,1,7.6,Good,195,28
فندق دانة التاج DANA ALTAJ HOTEL,Makkah,157,Economy Twin Room,2,6.2,Very good,737,35
فندق الرياض ان - riyadh inn hotel,Riyadh  ,270,Economy Double Room,1,7.8,Good,303,29
استراحة روح ابحر,Obhor  ,720,Two-Bedroom Chalet,4,6.8,Very good,5,35
Rafa - Al Nuzhah,Riyadh  ,430,Superior Double Room,1,8.1,Good,1222,30
Pullman ZamZam Makkah,Makkah ,330,Superior Twin Room with Partial Haram View,2,7.2,Good,23493,37
Samaya Royal Afif,Afīf ,170,Superior Apartment,2,8.3,Good,253,28
RAK Hotel-Aparts,Jeddah ,218,Premiere Double Room,1,7.4,Good,1361,40
Al Muhaidb Al Hada Resort,Taif ,236,Economy Double Room,1,7.8,Good,802,45
القصر للأجنحة الفندقية 9 البديع,Abha,565,Junior Suite,2,9.4,Superb,20,28
Dana Hotel & Residences 2,Riyadh,270,One-Bedroom Suite,2,9.2,Superb,345,28
Hotel Ritaj Alsahel,Yanbu,200,Deluxe Room,1,7.9,Good,849,35
سكن وسط الطبيعة,Jeddah ,372,One-Bedroom House,2,9.7,Exceptional,6,29
Diamond Elite Hotel,Jazan,225,Twin Room,2,8.2,Good,1272,35
Ewaa Express Hotel - Gaber,Riyadh,375,Suite,1,8.9,Fabulous,562,30
ساير للشقق الفندقية,Khamis Mushayt,90,Twin Room with Shared Toilet,2,6.0,Very good,4,37
فندق صفوة اجياد,Makkah,100,Twin Room with Private Bathroom,2,6.9,Very good,34,28
Mirage Hotel Jeddah,Jeddah,239,Deluxe Twin Room,2,9.0,Superb,1759,40
فندق وسام التاج,Makkah ,131,Economy Triple Room,3,6.0,Very good,606,57
Rest Night Hotel Suites- AL Falah,Riyadh,230,Double Room,1,6.9,Very good,1716,28
OYO 273 Star Yanbu Hotel Suites,Yanbu,140,Standard Studio,1,6.6,Very good,208,35
Violet Al Azizia Hotel,Makkah,161,King Room,1,8.5,Good,7107,29
Aber Hotel - AlYasmin,Riyadh,465,Deluxe Twin Room,2,8.4,Good,1433,35
البحر للوحدات السكنية,Yanbu,170,Standard Double Room,1,6.8,Very good,197,30
Swiss Blue Al Samer,Jeddah,220,Studio,1,8.1,Good,589,37
Semat ApartHotel,Jeddah ,300,One-Bedroom Apartment,1,8.3,Good,458,28
EVA Hotel,Jeddah  ,360,Deluxe Queen Room,1,8.2,Good,402,40
Marina Arar Furnished Apartments,Arar  ,153,Deluxe Double or Twin Room,1,8.9,Fabulous,771,28
OYO 176 Hotel Safari Al Hada,Taif,108,Standard Studio,1,6.1,Very good,2280,45
Madina Palace Hotel,Jeddah,207,Standard Double Room,2,6.0,Very good,330,28
روضة الملبي للوحدات السكنية,Madinah,120,Double Room,2,6.5,Very good,6,28
"Radisson Blu Hotel, Buraidah",Buraydah  ,444,Standard Room,1,8.3,Good,1826,35
Al Kenana Hotel,Makkah ,69,Double Room with Private Bathroom,2,7.2,Good,167,29
شاليه جُمان سبرينجز للعائلات,King Abdullah Economic City,590,One-Bedroom Chalet,5,9.5,Exceptional,6,35
فندق جمانه,Yanbu  ,270,Standard Twin Room,2,8.0,Good,1204,30
Al Hayaah Bayta,Tabuk  ,201,Studio Apartment,2,6.5,Very good,475,37
Ibis Yanbu,Yanbu  ,330,Double Room,1,7.9,Good,1134,28
شقه كبيره,Obhor ,480,Two-Bedroom Apartment,3,0.0,Very good,0,66
Batoul Ajyad Hotel,Makkah,111,Quadruple Room,4,7.5,Good,2362,28
نظرة للشقق الفندقية,Raʼs Munaysif,449,One-Bedroom Apartment,2,8.0,Good,11,28
Rwnza Hotel Apartments,Tabuk  ,200,One-Bedroom Apartment,5,5.4,Very good,63,100
Seher Aloyon Funished Apartments,Buraydah  ,250,Two-Bedroom Apartment,6,8.1,Good,599,150
Dari Hotel Families Only,Jeddah  ,266,Studio,1,8.9,Fabulous,238,35
Durra Taraf 1 Residential,Dammam  ,350,One-Bedroom Apartment,1,7.2,Good,1368,30
استراحات و شاليهات البرج,Al Baha,896,Two-Bedroom Apartment,9,7.4,Good,5,37
هيفن بلازا,Riyadh ,230,Standard Room,1,6.4,Very good,3446,28
Iwan Alandalusia Al Ajaweed,Jeddah,230,Standard Double Room,1,7.8,Good,444,40
Taj Al Worood Hotel,Jeddah ,240,King Room,1,8.4,Good,2228,28
Taj Al Arous Furnished Units,Jeddah,90,غرفة نوم اقتصادية للعزاب مع حمام خارجي,2,6.5,Very good,73,28
شالية الياقوت الأبيض,Makkah,280,Two-Bedroom Chalet,2,0.0,Very good,0,38
Reef residence,Qaryah al Ulya,238,Two-Bedroom Apartment,6,0.0,Very good,0,60
Al Tamayoz Furnished Units,Madinah,72,Double or Twin Room,1,5.4,Very good,360,35
Arjaan Altakhassusi Hotel Suites,Riyadh  ,379,Superior Twin Apartment,2,8.6,Fabulous,1630,30
"Radisson Blu Hotel, Dhahran",Al Khobar,284,Standard Room,1,7.5,Good,1779,28
ساير للشقق الفندقية,Khamis Mushayt  ,90,Twin Room with Shared Toilet,2,6.0,Very good,4,28
فندق صفوة اجياد,Makkah  ,100,Twin Room with Private Bathroom,2,6.9,Very good,34,35
Mirage Hotel Jeddah,Jeddah ,239,Deluxe Twin Room,2,9.0,Superb,1759,29
OYO 273 Star Yanbu Hotel Suites,Yanbu ,140,Standard Studio,1,6.6,Very good,208,35
Aber Hotel - AlYasmin,Riyadh  ,465,Deluxe Twin Room,2,8.4,Good,1433,30
البحر للوحدات السكنية,Yanbu  ,170,Standard Double Room,1,6.8,Very good,197,37
Swiss Blue Al Samer,Jeddah  ,220,Studio,1,8.1,Good,589,28
Madina Palace Hotel,Jeddah  ,207,Standard Double Room,2,6.0,Very good,330,40
SAS Hotel,Al Jubail  ,299,Economic Room,1,7.2,Good,1134,28
Mera Houses Aparthotel,Baljurashi  ,200,Double Room,1,8.0,Good,1782,28
Al Qimah Apartments,Dammam  ,75,Standard Double Room with Shared Bathroom,2,5.0,Very good,362,35
Dorar Rabigh Hotel Apartments,Rabigh  ,143,One-Bedroom Apartment,1,6.1,Very good,172,29
Dar Al Maamon Furnished Apartment,Jeddah ,275,Apartment,3,8.1,Good,365,35
الزمردة للوحدات السكنية,Ash Shuqayq  ,296,Two-Bedroom Apartment,3,8.3,Good,65,30
Amyal Alras,Al Rass  ,212,One-Bedroom Apartment,1,8.4,Good,84,37
Lilas Taif,Taif  ,125,Studio Apartment,1,7.1,Good,433,28
الحمدانية الراقي للشقق المفروشة,Jeddah  ,95,One-Bedroom Apartment,2,6.0,Very good,463,40
Burj Marweat Alkhalil,Makkah  ,75,Budget Double Room,2,6.9,Very good,657,28
New Suite 3,Riyadh  ,215,One-Bedroom Apartment,1,7.9,Good,54,28
TULAY PARK,Al Khobar,195,King Room,1,6.8,Very good,462,35
Almakan Suites 101,Riyadh  ,171,Studio,1,5.4,Very good,880,29
أبها إيليت للوحدات الفندقية,Abha  ,204,Deluxe King Studio,1,6.7,Very good,124,35
Mora Hotel,Jeddah,250,Double or Twin Room,2,7.9,Good,916,30
Karam Taibah Almasi,Madinah,127,Standard Triple Room,3,5.9,Very good,132,37
"شاليهات الرحاب 1, 2",Ash Shiqqah  ,550,Two-Bedroom Chalet,6,8.7,Fabulous,7,60
Al Anoud & Aljawhara Apartments,Hafr Al Baten  ,250,Two-Bedroom Apartment,5,7.0,Good,80,40
Jewar Al Saqefah Hotel,Madinah,200,Double Room,2,7.6,Good,2428,28
Masar Najd,Unayzah  ,200,One-Bedroom Apartment,1,7.8,Good,427,28
دانة القادسية للوحدات السكنية المفروشة,Riyadh  ,170,Studio,1,7.8,Good,209,35
خليجية,Abha  ,75,Deluxe King Room,1,4.2,Very good,95,29
العييري للوحدات المفروشة النعيرية 2,Al Nairyah,90,Double Room with Private Bathroom,3,0.0,Very good,0,35
Shomookh Hotel,Madinah,111,Twin Room,2,7.5,Good,2100,30
Hoor Park - حور بارك,Jeddah ,279,King Room,1,7.7,Good,129,37
البرجس للأجنحة الفندقية,Al Jubail  ,230,Studio,2,6.4,Very good,193,28
جازلي للأجنحة الفندقية,Jeddah  ,157,One-Bedroom Apartment,1,7.4,Good,769,40
العييري للوحدات المفروشة النعيرية 2,Al Nairyah  ,90,Double Room with Private Bathroom,3,0.0,Very good,0,28
Hoor Park - حور بارك,Jeddah ,279,Standard Double Room,2,7.7,Good,129,28
Roof Hotel Apartments,Riyadh  ,400,Superior King Room,1,8.1,Good,356,35
"Makkah Clock Royal Tower, A Fairmont Hotel",Makkah  ,450,Fairmont King with City View,1,8.3,Good,19474,29
Al Muhaidb Al Narges,Riyadh ,250,Studio,1,7.2,Good,946,35
التميز,An Nikāshah  ,162,One-Bedroom Apartment,1,0.0,Very good,0,30
Auris Al Fanar ApartHotel,Riyadh,245,One-Bedroom Apartment,1,7.6,Good,548,37
Al Eairy Apartments- Dammam 8,Dammam  ,350,One-Bedroom Apartment,1,5.9,Very good,222,28
Swiss International Resort Unaizah Al Qassim,Unayzah  ,998,One Bedroom Villa with Indoor Pool,1,8.5,Good,871,40
Oasis Najran Hotel,Najran  ,245,Budget Double Room,1,8.6,Fabulous,869,28
Fadet Talla Residentials,Buraydah  ,128,Studio Apartment,1,7.1,Good,462,28
Palms Lily Hotel Suites,Al Ahsa  ,140,Studio,1,6.2,Very good,1548,35
Al Hamra Palace By Warwick,Riyadh  ,370,Deluxe Room,1,7.2,Good,1233,29
Almakan Almosafer Hotel 106,Riyadh  ,153,One-Bedroom Apartment,1,5.7,Very good,1057,35
Tulip Jazan,Jazan  ,130,Double Room,1,6.4,Very good,465,30
جولدن روز Golden Rose,Jazan  ,324,Deluxe King Studio,2,8.5,Good,99,37
Manarat Al Misk Hotel,Makkah ,100,Basic Triple Room,3,6.9,Very good,517,28
Madeira Hotel Suites,Al Khobar  ,349,One-Bedroom Suite,1,8.1,Good,333,40
منازل جدة للوحدات السكنية,Jeddah  ,203,Two-Bedroom Apartment,4,7.4,Good,670,54
Afraa Hotel,Makkah  ,151,Triple Room,3,8.0,Good,2183,28
Holiday Villa Resort Yanbu,Yanbu  ,943,Deluxe Suite with Sea View,3,7.6,Good,457,35
Grand Plaza Hotel-KAFD Riyadh,Riyadh  ,418,Standard Double Room,1,8.1,Good,472,29
Qasr Al Hamra ApartHotel Al Hamra Branch,Jeddah  ,144,Deluxe Studio,1,7.1,Good,298,35
نزل خيال للوحدات السكنية,Abha  ,167,One-Bedroom Apartment,2,7.0,Good,174,30
"Makkah Clock Royal Tower, A Fairmont Hotel",Makkah,450,Fairmont King with City View,1,8.3,Good,19474,37
Al Muhaidb Al Narges,Riyadh  ,250,Studio,1,7.2,Good,946,28
التميز,Riyadh,162,One-Bedroom Apartment,1,0.0,Very good,0,40
Palms Lily Hotel Suites,Al Ahsa ,140,Studio,1,6.2,Very good,1548,28
Manarat Al Misk Hotel,Makkah,100,Basic Triple Room,3,6.9,Very good,517,28
Holiday Villa Resort Yanbu,Yanbu ,943,Deluxe Suite with Sea View,3,7.6,Good,457,35
شقة مفروشة حي الشروق مدينة الملك عبدالله الاقتصادية,King Abdullah Economic City  ,320,Two-Bedroom Apartment,3,7.5,Good,4,29
نزل خيال للوحدات السكنية,Abha S,167,One-Bedroom Apartment,2,7.0,Good,174,35
هتان السودة,Abha,249,Two-Bedroom Villa,3,8.2,Good,5,30
Al Aqeeq Madinah Hotel,Madinah,285,"Classic Room King bed, City View",1,7.8,Good,6466,37
اطلالة الشرفة3 -Terrace view Residence,Dammam  ,186,One-Bedroom Apartment,1,8.0,Good,639,28
Karam Al Hejaz,Madinah,105,Deluxe Double Room,2,5.9,Very good,198,40
OYO 586 Al Tamayoz Al Raqi Hira,Jeddah,154,One-Bedroom Apartment,1,7.7,Good,35,28
Masat Darkom 2 Furnished Apartments,Buraydah ,200,Studio,1,7.5,Good,258,28
Loaloat Al Khobar,Al Khobar  ,189,Deluxe Studio,1,7.2,Good,468,35
Dar Hashim Hotel Apartments - Al Morouj,Riyadh  ,380,One-Bedroom Apartment,1,8.9,Fabulous,2320,29
العييري للوحدات السكنية المفروشة الباحة 2,Al Baha  ,90,One-Bedroom Apartment,2,3.6,Very good,294,35
Mira Waterfront Hotel Jeddah,Jeddah  ,285,Superior King Room with City View,1,6.4,Very good,5769,30
Taleen AlQuds 2 hotel apartments,Riyadh  ,160,One-Bedroom Apartment,1,5.8,Very good,119,37
Alfarhan Panda Alfayha,Riyadh  ,288,Budget Double Room,1,8.0,Good,943,28
Dana Hotel & Residences,Riyadh  ,350,Deluxe Double Room,1,8.8,Fabulous,716,40
Emerald Hotel,Jeddah  ,325,Deluxe King Room,1,8.5,Good,1047,28
فندق ديار السلام,Madinah,117,Double Room,2,7.2,Good,583,28
فندق رحيق المدينه,Al Madinah  ,90,Budget Double Room,2,5.1,Very good,87,35
Signature Al Khobar Hotel,Al Khobar  ,332,Standard  Room,1,7.1,Good,1499,29
"KAEC, Bay La Sun, Marina 2, Studio with Garden Patio",King Abdullah Economic City  ,570,Family Studio,2,8.8,Fabulous,77,35
Park Jizan Hotel,Jazan  ,300,Deluxe Room (2 Adults + 1 Child),1,7.8,Good,810,30
Afaq Jeddah 3,Jeddah  ,160,Budget Double Room,1,7.2,Good,9,37
فندق أعيان الششة,Makkah  ,61,Double Room with Private Bathroom,2,6.4,Very good,46,28
Khaleej ALez Furnished Units,Dammam  ,122,Studio Apartment,3,6.8,Very good,588,40
الحماد للشقق الفندقية,Jeddah  ,150,King Room,1,7.2,Good,66,28
Silent Room 1 By Quiet Rooms,Riyadh  ,183,One-Bedroom Apartment,1,6.8,Very good,446,28
شاليه فيلا درة العروس,Jeddah ,2000,Two-Bedroom Chalet,9,8.5,Good,77,90
Chalet Y&M,Ar Rafī‘ah  ,720,One-Bedroom Chalet,4,0.0,Very good,0,58
Al Muhaidb Tahliya (Olaya),Raʼs Munaysif,240,Studio,1,6.3,Very good,598,35
ستديو القهوة النجدية المزاحمية طريق مكة,Makkah ,144,One-Bedroom Apartment,1,0.0,Very good,0,30
Danat Layalina Apparthotel,Al Namas  ,200,One-Bedroom Apartment,3,7.6,Good,499,37
OYO 351 Darr Mesk,Hail  ,122,Standard Studio Double,1,5.8,Very good,123,28
Al Fairouz Resort,Taif ,215,Suite with Balcony,1,7.7,Good,197,40
Grand Star Al Saha Hotel,Jeddah  ,203,Standard Twin Room,1,7.3,Good,249,28
Silent Room 3 By Quiet Rooms,Riyadh  ,216,Deluxe Suite,2,7.2,Good,307,28
Mar Al Diyafah,Burayman,210,Economy Double or Twin Room,1,8.4,Good,39,35
OYO 315 Ramz Abha Hotel,Abha  ,126,Standard Studio,1,8.0,Good,1390,29
OYO 277 Al Tamayoz Al Raqi Furnished Units 3,Jeddah  ,88,Deluxe Studio,2,6.1,Very good,328,35
Al Naseem Apartments 9,Riyadh  ,44,Twin Room,2,4.8,Very good,26,30
Jood At Taif residential units,Taif  ,120,Studio Apartment,2,7.0,Good,166,37
Rest Night Hotel Apartments Wadi Al Dawasir,Wadi Al Dawasir  ,252,Double Room,2,8.1,Good,1233,28
Royal Nights Chalet,Ad Darb  ,500,Two-Bedroom Chalet,3,5.2,Very good,4,40
Comfort Inn AL TAAWON FAMILY ONLY,Riyadh  ,171,Studio,1,5.5,Very good,470,28
فندق زهرة السعد 6,Makkah  ,100,Deluxe Double Room,1,7.6,Good,107,28
درة العروس - للعائلات فقط,Jeddah ,650,Three-Bedroom Chalet,6,7.4,Good,55,77
Seasons Park Hotel,Jeddah,330,Queen Room with Two Queen Beds,2,8.6,Fabulous,1029,29
OYO 167 Dar Al Raies Hotel,Makkah  ,91,Standard Studio,1,7.1,Good,852,35
فندق حياة المدينة,Madinah,108,Deluxe King Room,1,7.0,Good,35,30
Al Eairy Apartments- Riyadh 3,Riyadh  ,105,Double or Twin Room,1,5.4,Very good,604,37
By Quiet Rooms ركن العمر للوحدات السكنية,Riyadh  ,191,Studio,1,6.4,Very good,205,28
Samaa Eva Resort,Abha  ,250,Junior Suite,1,8.3,Good,583,40
Nawazi Al Tawsea,Makkah  ,75,Double Room,2,5.4,Very good,432,28
Quetzal Aparthotel,Riyadh ,383,Standard Double Room,2,7.9,Good,1773,28
The origins of Capricorn Arbism 15,Dammam  ,85,One-Bedroom Apartment,2,4.5,Very good,20,35
نوفا السويدى,Riyadh  ,280,Two-Bedroom Apartment,5,5.3,Very good,23,70
Dar Al Janoub Hotel Apartments,Jeddah ,450,Economy Double or Twin Room,1,8.6,Fabulous,940,35
غروب الشمس للشقق المفروشه,Jazan  ,150,One-Bedroom Apartment,2,6.4,Very good,13,30
فندق أعيان المعابدة,Makkah  ,59,Double Room with Private Bathroom,2,8.1,Good,35,37
TIME Dammam Residence,Dammam  ,238,One-Bedroom Apartment,1,7.9,Good,968,28
the blue Diamond 17,Dammam  ,69,Economy Triple Room,3,4.6,Very good,17,40
Armada Hotel Jazan,Jazan ,234,Deluxe Room,1,8.5,Good,1250,28
فندق جواد التاج Jawad Al-Taj Hotel,Makkah,157,Economy Double Room,2,6.0,Very good,600,28
AlMuhaidb Residence Alkhafji,Al Khafji  ,239,Superior Double Room,1,8.4,Good,1252,35
Al Eairy Apartments - Al Madinah 14,Madinah,65,Double or Twin Room,1,5.9,Very good,1541,29
AlBaha Palace Furnished Apartment,Al Baha  ,221,Double Room,1,7.6,Good,400,35
Holiday Plus Hotel Suites,Jeddah  ,404,Two-Bedroom Apartment,3,8.1,Good,249,30
Waqf Al Sherbiny 3,Madinah,100,Standard Studio,1,8.1,Good,296,37
Radisson Blu Resort Jizan,Jazan  ,534,Standard Room,1,7.6,Good,3436,28
أزد للشقق الفندقية,Tanomah  ,350,Superior Double or Twin Room with Mountain View,1,9.2,Superb,41,40
Crown Tower Hotel,Al Jubail  ,257,Standard Double Room,2,8.2,Good,1209,28
المنتدي,Abha ,75,Deluxe Double Room,1,4.5,Very good,154,28
فندق الفيصل,Al Ula  ,250,One-Bedroom Apartment,2,5.9,Very good,12,35
Al Denny Aparthotel,Jeddah  ,120,Double Room,1,7.0,Good,749,29
ضيوف جدة للشقق الفندقية,Jeddah  ,153,Studio,1,7.7,Good,305,35
ALolayan Plaza Hotel فندق العليان بلازا,Makkah  ,125,Standard  Room,2,7.8,Good,571,30
فندق الميار Almayar hotel,Madinah,210,Deluxe Queen Room,1,8.6,Fabulous,30,37
Methaq Hotel Suites 2,Riyadh ,270,One-Bedroom Suite,1,4.0,Very good,7,28
Shataa Alula Apartment,Al Ula  ,350,One-Bedroom Apartment,1,8.3,Good,3,40
"Luxury Modern Apartment, Alwaha- للعوائل فقط",King Abdullah Economic City ,891,Two-Bedroom Apartment,2,9.6,Exceptional,20,70
Najmat Manami Azizyya,Riyadh ,170,One-Bedroom Apartment,1,7.1,Good,111,28
Fakher Yanbu 3 Furnished Units,Yanbu  ,400,Suite with Sea View,1,7.9,Good,398,35
Zowar International Hotel,Madinah,159,Standard Twin Room,1,7.0,Good,1668,29
Al Farhan Hotel Suites,Al Jubail  ,141,Deluxe Double Room (1 adult + 1 child),1,6.8,Very good,419,35
Hayah Al Waha Hotel,Madinah,93,Triple Room,3,5.9,Very good,2579,30
Gacine Hotel,Madinah,235,Large Twin Room,2,8.9,Fabulous,637,37
Ramz Al Fakhamah,Taif  ,178,Deluxe King Studio,1,8.6,Fabulous,837,28
Open ApartHotel,Dammam  ,171,One-Bedroom Apartment,2,5.5,Very good,729,40
Elite Jeddah Hotel,Jeddah,295,Budget Double Room,2,7.8,Good,1395,28
Shahad Hotel,Riyadh  ,162,One-Bedroom Apartment,1,7.2,Good,15,28
Arif Housing Units,Buraydah  ,270,Standard King Room,1,8.7,Fabulous,627,35
Burj Alhayah Hotel Suites Alfalah,Riyadh  ,220,Studio,1,7.5,Good,731,29
Burj Al Faris Hotel Apartments,Jeddah  ,196,Studio,1,8.1,Good,923,35
Al Marwa Rayhaan by Rotana - Makkah,Makkah  ,314,Classic King Room Haram view,1,7.7,Good,8052,30
فندق سكناي رويالSuknai Royal Hotel,Hail  ,397,Standard King Room,1,8.9,Fabulous,81,37
Kayan Al Taif Hotel,Taif  ,254,Superior King Room,1,8.5,Good,1221,28
Four Seasons Stars Aparthotel,Al Jubail  ,140,King Studio,1,8.2,Good,74,40
المهيدب للوحدات السكنيه - حي البوادي,Jeddah,204,King Studio,1,8.5,Good,103,28
فندق لافيرا ان Lavera Inn Hotel,Riyadh ,366,Deluxe Double Room,1,8.2,Good,139,28
New Suite,Riyadh ,194,Deluxe Room (1 adult + 2 children),1,7.4,Good,127,35
Lina Park 5,Al Khobar  ,135,One-Bedroom Apartment,1,6.7,Very good,441,29
Rosa Aparthotel,Buraydah  ,200,Double or Twin Room,1,6.1,Very good,124,35
Golden Bujari Hotel Al Khamis,Khamis Mushayt  ,523,Junior Suite,1,8.0,Good,523,30
"Crowne Plaza Jeddah, an IHG Hotel",Jeddah ,435,Standard Double Room,1,8.3,Good,1560,37
"Crowne Plaza Riyadh - RDC Hotel & Convention, an IHG Hotel",Riyadh  ,795,Deluxe Room with Two Beds - Non-Smoking,2,8.8,Fabulous,2137,28
"InterContinental Jeddah, an IHG Hotel",Jeddah ,702,Deluxe Room,1,7.9,Good,2785,40
"Crowne Plaza Riyadh Al Waha, an IHG Hotel",Riyadh  ,420,Superior Room,1,7.5,Good,1717,28
Gloria Inn Riyadh,Riyadh  ,300,Standard Room,1,8.0,Good,3964,28
جلنار المدينة,Madinah,210,One-Bedroom Apartment,1,7.7,Good,98,35
Al Farhan Dumah Al Jandal,Dawmat al Jandal  ,152,Budget Single Room,1,8.2,Good,104,29
استراحة الشبعان,Shaban  ,150,One-Bedroom Apartment,2,0.0,Very good,0,35
Areen Jeddah Suites Al Madina Road,Jeddah ,212,Junior Suite,1,7.3,Good,144,30
Radiha Hotel Suites,Taif ,180,Deluxe King Room,1,7.3,Good,273,37
إليت الحمراء - فرع الكورنيش,Ar Ruʼays  ,420,Suite with Sea View,2,8.1,Good,158,28
Sendan Residence,Dammam  ,360,One Bedroom Apartment,2,8.3,Good,2033,40
Top Stars Hotel,Al Hanakiyah  ,150,Deluxe Double Room with Bath,1,8.8,Fabulous,54,28
أورينتال رزيدنس الدمام,Dammam  ,450,Deluxe Double Room,1,8.5,Good,216,28
روز للوحدات السكنيه,Al Thybiyah  ,185,Double or Twin Room with Bathroom,2,8.0,Good,44,35
كيان للأجنحة الفندقية,Ahad Rafidah  ,325,Deluxe King Room,1,9.3,Superb,130,29
Le Park Concord Hotel - Turaif,Ţurayf  ,250,Deluxe Suite,1,9.0,Superb,280,35
فندق كيان,Ahad Rafidah  ,225,Deluxe Double Room,1,8.3,Good,70,30
Mabiti Alula فندق مبيتي العلا,Al Ula  ,585,Superior Queen Room,1,8.3,Good,58,37
Alfaw Plaza Hotel,Sharurah ,220,Standard Single Room,1,8.8,Fabulous,67,28
Crystal Blue Rabigh 2,Rabigh  ,300,Deluxe Double Room (2 Adults + 1 Child),1,8.4,Good,243,40
ذوق الخيال بإدارة وتشغيل الضيافة بالاس,Jeddah,388,Superior One-Bedroom Apartment,1,8.9,Fabulous,238,28
Jeddah Seasons Furnished Apartments,Riyadh ,200,Family Suite,1,7.3,Good,98,28
فندق لؤلؤة المختارون,Riyadh ,60,Twin Room,2,6.0,Very good,18,35
Novotel Riyadh Al Anoud,Riyadh  ,360,Superior Queen Room,1,7.2,Good,2943,29
Centro Waha by Rotana,Riyadh ,450,Standard Twin Room,2,7.5,Good,6614,35
Novotel Yanbu Albahr,Yanbu  ,480,Superior Double Room,1,8.0,Good,2591,30
Mövenpick Hotel City Star Jeddah,Jeddah ,440,Superior King Room,1,8.5,Good,1614,37
"Holiday Inn Meydan, an IHG Hotel",Riyadh,285,Standard Room,1,7.6,Good,2406,28
"Holiday Inn Riyadh Al Qasr, an IHG Hotel",Riyadh,375,Standard Room,2,7.2,Good,4162,40
Dar Al Asalah Hotel-Apartments,Hotat bani tamim  ,200,One-Bedroom Apartment,1,7.8,Good,55,28
Four Points by Sheraton Makkah Al Naseem,Makkah  ,149,King Room,1,8.5,Good,13389,28
أجنحة سالين - للوحدات السكنية المفروشة,As Suwayfilah,99,Double Room with Private Bathroom,1,5.9,Very good,53,35
رمال الجزيره,Taif  ,170,One-Bedroom Apartment,1,6.3,Very good,153,29
M Hotel Makkah by Millennium,Makkah  ,120,Standard Twin Room,2,7.8,Good,5301,35
Carawan Hotel Jeddah - Al Naeem Near Al Danube Market in Madina Road,Jeddah ,270,Standard Twin Room,2,8.0,Good,1124,30
نظرة للشقق الفندقية,Al Khobar,436,One-Bedroom Apartment,2,7.9,Good,10,37
Riyadh Marriott Hotel,Riyadh  ,425,"Guest Room, 1 King",1,7.6,Good,895,28
Novotel Suites Riyadh Olaya,Riyadh ,400,Junior King Suite,1,7.2,Good,1558,40
"Holiday Inn Riyadh Izdihar, an IHG Hotel",Riyadh ,325,Standard Double Room - Non-Smoking,1,7.8,Good,1487,28
Hyatt House Jeddah Sari Street,Jeddah,425,Twin Studio,2,8.4,Good,2287,28
Sheraton Riyadh Hotel & Towers,Riyadh ,495,"Classic Room, Guest room, 1 Queen",1,8.0,Good,849,35
Executives Hotel - Olaya,Riyadh,473,Standard King Room,1,7.9,Good,5475,29
Etlalet Al-Sharm Apartments,Yanbu  ,450,Two-Bedroom Apartment,2,7.8,Good,209,55
Lafontaine Jeddah Hotel,Jeddah  ,189,Deluxe Twin Room,2,6.8,Very good,1210,30
Jabal Omar Hyatt Regency Makkah,Makkah ,600,Twin Room,2,8.4,Good,20622,37
Lara Al Jawf Hotel Apartments,Arar  ,158,Standard Apartment,2,7.9,Good,283,28
Golden Tulip Buraidah Al Qassim,Buraydah  ,405,Standard Twin Room,2,7.5,Good,1182,40
Ibis Jeddah Malik Road,Jeddah,289,Standard Twin Room,2,7.9,Good,2579,28
Centro Salama Jeddah by Rotana,Jeddah ,346,Queen Room,1,7.9,Good,3441,28
"Crowne Plaza Madinah, an IHG Hotel",Madinah,345,Standard Room,1,8.1,Good,3669,35
JEDDAH PALACE,Jeddah  ,150,Deluxe King Room,1,6.9,Very good,390,29
Tulip Inn Al Dar Rawafed,Madinah,280,King Room with City View,1,7.9,Good,2227,35
"Holiday Inn Jeddah Al Salam, an IHG Hotel",Jeddah  ,301,Leisure King Room with Pool View - Smoking,1,7.4,Good,1913,30
Seven Garden's Hotel,Taif  ,365,King Studio,1,9.4,Superb,1135,37
Glamour Inn جلامور ان,Jeddah,200,Budget Double Room,1,7.0,Good,223,28
Hayatt International1,Madinah,180,Economy Double Room,2,6.6,Very good,808,40
Le Meridien Towers Makkah,Makkah ,130,"Diplomatic Room, Twin/Single Beds",2,7.5,Good,4137,28
Novotel Jeddah Tahlia,Jeddah,396,Superior Double Room with Sofa Bed,1,8.0,Good,2787,28
"Assila, a Luxury Collection Hotel, Jeddah",Jeddah,950,"Deluxe Guest Room, 1 King, City View",1,8.9,Fabulous,789,35
M Hotel Al Dana Makkah by Millennium,Makkah ,136,Standard Double Room,1,8.5,Good,1900,29
Aronani Hotel,Hail ,290,Standard  Room,2,6.9,Very good,914,35
Nights Jeddah Hotel,Jeddah ,240,Standard King Room,1,7.5,Good,3166,30
Golden Dune Hotel & Suite,Riyadh  ,359,Superior Double Room,1,8.1,Good,3176,37
Snood Al Azama Hotel,Makkah  ,85,Double or Twin Room,2,7.3,Good,2776,28
Park Inn by Radisson Jeddah Madinah Road,Jeddah,414,Standard Room,1,8.5,Good,1455,40
Rose White Hotel,Jeddah,325,Double Room,1,8.2,Good,444,28
Golden Dream Hotel,Khamis Mushayt  ,340,Standard Double Room,1,8.1,Good,366,28
"Burj Rafal Riyadh, a Marriott International Hotel",Riyadh  ,1000,"Deluxe, Guest room, 1 King, City view",1,7.9,Good,4620,35
Patto Suites,Al Baha ,180,Standard Apartment,1,6.7,Very good,1165,29
"The Ritz-Carlton, Riyadh",Riyadh  ,1400,Deluxe Guest Room With Twin Beds,1,8.6,Fabulous,3335,35
Dabab Hotel By Warwick,Riyadh ,450,Junior Suite,1,7.5,Good,2881,30
Adagio Jeddah City Center,Jeddah ,349,Double Studio,1,8.4,Good,166,37
Sukna Almosafer,Unayzah,140,Double Room,1,6.8,Very good,251,28
Ramada by Wyndham Hotel Riyadh,Riyadh  ,330,Classic King Room - Smoking,1,7.2,Good,1800,40
Snood Al salam,Makkah  ,105,Quadruple Room with Bathroom,4,7.7,Good,1976,28
Makarem Umm Al Qura Hotel,Makkah  ,175,Deluxe Twin Room,2,7.7,Good,6673,28
Hilton Riyadh Hotel & Residences,Riyadh  ,750,King Guest Room - Accessible,1,7.5,Good,10004,35
Hilton Garden Inn Riyadh Olaya,Riyadh ,325,Twin Room Plus,2,7.2,Good,590,29
فندق قمر جدة Qamar Hotel Jeddah,Jeddah,441,Standard Double Room,2,8.6,Fabulous,207,35
Taiba Madinah Hotel,Madinah,360,"Superior Room Twin bed, City View",1,8.0,Good,1292,30
Dist Inn Aparthotel,Hail,480,Penthouse Apartment,1,7.2,Good,816,37
Elaf Al Mashaer Hotel Makkah,Makkah  ,190,transient single room city view,1,7.5,Good,3944,28
Shada Hotel Al Shati,Jeddah,572,King Junior Room,1,8.8,Fabulous,1369,40
DoubleTree by Hilton Hotel Riyadh - Al Muroj Business Gate,Riyadh ,525,King Guest Room,1,7.7,Good,3339,28
Lamar Ajyad Hotel 2 - Tower B,Makkah  ,131,Deluxe King Room,1,7.8,Good,2571,28
Wakan Kinan,Jeddah,318,Suite,3,7.6,Good,664,35
Benzart Hotel Apartments,Ad Dawadimi,260,Deluxe Two-Bedroom Apartment,3,8.5,Good,254,29
"Prime Hotel - Jeddah, Al Hamra",Jeddah ,350,Junior Suite,1,8.3,Good,4858,35
Centro Shaheen Jeddah by Rotana,Jeddah,307,Queen Room,1,7.9,Good,3416,30
Lamar Ajyad Hotel,Makkah,145,Deluxe King Room,1,7.8,Good,2725,37
Centro Olaya by Rotana,Riyadh ,490,Queen Room,1,7.9,Good,4132,28
"Marriott Executive Apartments Riyadh, Convention Center",Riyadh  ,950,One-Bedroom Apartment,1,8.2,Good,1112,40
VERTA Hotel,Jeddah,405,Executive Suite,1,7.9,Good,1113,28
Holiday Suites Al Aziziah,Makkah,220,Deluxe Twin Room,2,8.1,Good,10838,28
Motiara Hotel - La Valle Mall,Riyadh,490,Deluxe King Suite,1,8.1,Good,665,35
Seven Garden's Palace,Taif,314,Deluxe Room,1,9.3,Superb,875,29
Ramada by Wyndham Continental Jeddah,Jeddah,350,1 King Bed Superior Room,1,7.9,Good,1633,35
Le Meridien Makkah,Makkah,330,"Twin Haram View, Guest room, 2 Twin/Single Bed(s), City view",2,7.8,Good,5050,30
Hyatt Place Riyadh Sulaimania,Riyadh,500,King Room,1,8.6,Fabulous,1196,37
Marina Hotel,Rayyis,500,Two-Bedroom Apartment,3,8.3,Good,360,28
Signature Hotel,Jeddah,282,King Room,1,8.8,Fabulous,136,40
Shada Hotel Salama,Jeddah,401,Standard Queen Room,1,8.9,Fabulous,4798,28
Marriott Riyadh Diplomatic Quarter,Riyadh,1150,"Deluxe Room, Guest room, 1 King",1,8.4,Good,284,28
Mövenpick Hotel Jeddah,Jeddah ,333,Classic King Room,1,7.8,Good,3848,35
Al Waha Palace Hotel,Riyadh ,413,Deluxe King Room,1,7.9,Good,1995,29
Radisson Blu Hotel Riyadh Qurtuba,Riyadh,650,Standard Room,1,7.9,Good,413,35
Millennium Makkah Al Naseem,Makkah,143,Standard King Room,1,8.2,Good,5424,30
Swiss Spirit Hotel & Suites Taif,Taif,179,Large Double Room,1,7.3,Good,776,37
Grand Plaza Gulf Hotel - Riyadh,Riyadh,800,Executive Suite,1,8.0,Good,3024,28
Broad ApartHotel,Taif ,759,VIP Suite,1,8.6,Fabulous,781,40
Golden Tulip Riyadh,Riyadh,450,Classic Rooms King,1,9.3,Superb,146,28
Sanam Hotel Suites - Riyadh,Riyadh ,299,Junior Suite,1,7.4,Good,2315,28
القصر المميز خميس مشيط,Khamis Mushayt,134,Deluxe Double Studio,1,7.9,Good,281,35
The Ritz-Carlton Jeddah,Jeddah  ,1575,"Deluxe Room, 2 Twin/Single Bed(s), City View",2,9.0,Superb,1340,29
Al Mutlaq Hotel Riyadh,Riyadh  ,270,Single Room,1,7.8,Good,551,35
Staytion First - Al Zahra,Jeddah,200,Studio Apartment,1,8.8,Fabulous,972,30
InterContinental Al Jubail Resort,Al Jubail,899,Standard Double or Twin Room,2,8.2,Good,1968,37
Riyadh Airport Marriott Hotel,Riyadh,1200,Deluxe Guest Room with Two Double Beds and Courtyard View,1,8.0,Good,1723,28
شاطئ الحياة للأجنحة الفندقية,Jeddah ,242,Studio,1,8.1,Good,380,40
فندق زوايا الماسية,Madinah,179,Studio,1,8.7,Fabulous,209,28
فندق فرج المدينه FARAJ ALMADINA HOTEL,Madinah,187,Budget Double Room,1,9.0,Superb,134,28
WA Hotel,Jeddah,1320,Deluxe Family Room,2,9.5,Exceptional,15,35
"Crowne Plaza Hotel Riyadh Minhal, an IHG Hotel",Riyadh,445,Deluxe King Room - Smoking,1,8.7,Fabulous,1316,29
Loalat Al Rowdah Family,Jeddah,320,Two-Bedroom Apartment,4,7.8,Good,463,35
Almasem Luxury Hotel suite 6,Riyadh  ,259,Studio,1,7.6,Good,494,30
Sheraton Makkah Jabal Al Kaaba Hotel,Makkah  ,210,"Traditional Double City V, Guest room, 2 Twin/Single Bed(s)",2,7.6,Good,1641,37
"Al Faisaliah Hotel, Riyadh",Riyadh ,1695,Superior Room King,1,8.2,Good,1398,28
Rotana Residence Apartments,Jeddah ,252,One-Bedroom Apartment,2,7.6,Good,635,40
Narcissus Hotel and SPA Riyadh,Riyadh  ,1100,Double Room,1,8.6,Fabulous,3439,28
Kyona Gold-Obhur,Jeddah  ,522,One-Bedroom Apartment,1,8.7,Fabulous,29,28
Braira Hotel-Olaya,Riyadh  ,522,Superior Double Room,1,8.6,Fabulous,3365,35
الفخامة للشقق الفندقية,Madinah,133,Deluxe Double Room,1,7.7,Good,80,29
South Hotel Suites,Khamis Mushayt,450,Deluxe Suite,3,8.9,Fabulous,351,35
Al Waleed Tower Hotel,Makkah,118,Double Room,1,8.2,Good,2810,30
Habitat Hotel All Suites - Jeddah,Jeddah,475,Junior Suite with Twin Bed,3,8.0,Good,2220,44
Grand Silverton Hotel,Al Khobar,450,Superior Double Room,1,8.2,Good,2568,28
"Dar Al Tawhid Intercontinental Makkah, an IHG Hotel",Makkah,690,Standard Room,2,8.8,Fabulous,5319,40
RAND by Wandalus (Formerly Coral Riyadh Suliemaniah),Riyadh ,400,Deluxe Double Room,1,7.6,Good,597,28
Gardens View,Taif,243,One-Bedroom Apartment,1,7.3,Good,318,28
Al Ramla Al Hamra Hotel,Taif,254,One-Bedroom Suite,1,8.4,Good,592,35
Al Rahaa Furnished Units,Abha,169,One-Bedroom Apartment,1,7.8,Good,1378,29
Mandaren Suites,Taif,400,Two-Bedroom Apartment,3,8.7,Fabulous,251,35
Al Rawda Jewel Apartment Hotel,Jeddah ,245,Deluxe Apartment,1,8.0,Good,512,30
Dior Inn Hotel,Jeddah,360,Superior King Room,1,9.0,Superb,1411,37
Elite Suites Hotel - Al sahafah,Riyadh,450,One-Bedroom Apartment,1,7.9,Good,569,28
Nadra Furnished Apartments,Taif,300,Two-Bedroom Apartment,3,6.8,Very good,268,40
Narcissus Hotel and SPA Riyadh,Riyadh,1100,Double Room,1,8.6,Fabulous,3439,28
Braira Hotel-Olaya,Riyadh ,522,Superior Double Room,1,8.6,Fabulous,3365,28
Habitat Hotel All Suites - Jeddah,Jeddah  ,500,Junior Suite with Twin Bed,3,8.0,Good,2220,35
Grand Silverton Hotel,Al Khobar ,450,Superior Double Room,1,8.2,Good,2568,29
Howard Johnson Dammam Hotel,Dammam,349,King Room with City View - Non-Smoking,1,7.7,Good,1868,35
Dior Inn Hotel,Jeddah  ,360,Superior King Room,1,9.0,Superb,1411,30
Elite Suites Hotel - Al sahafah,Riyadh  ,450,One-Bedroom Apartment,1,7.9,Good,569,37
Makkah Towers,Makkah  ,350,2 Single Guestroom City View,3,8.0,Good,6138,28
Nadra Furnished Apartments,Taif  ,300,Two-Bedroom Apartment,3,6.8,Very good,268,40
"Al Ahsa InterContinental, an IHG Hotel",Al Hofuf,602,Deluxe King Room - Non-Smoking,1,8.1,Good,996,28
Andalus Habitat Hotel,Jeddah,596,Studio with Sofa Bed,1,8.6,Fabulous,384,28
Sadeem Hotel Suites2,Jeddah,449,Two-Bedroom Suite,3,8.3,Good,405,35
Iwan Alandalusia Al Ajaweed,Jeddah,230,Deluxe Double or Twin Room,2,7.8,Good,444,29
Sea Club Resort(Families only),Dammam,1000,Three-Bedroom Chalet with Private Pool,5,7.3,Good,681,77
Delmon Hotel Suites,Jeddah ,225,One-Bedroom Apartment,3,6.7,Very good,171,30
Holiday Khaleej Hotel,Riyadh,495,Deluxe Double Room,2,8.2,Good,3642,37
Le Meridien Medina,Madinah,320,"High Floor Standard King Bed, Sofa bed",1,7.9,Good,1798,28
Nights Silence- Furnished Appartement By Kyan,Khamis Mushayt,235,Junior Suite,1,8.4,Good,731,40
Dallah Taibah Hotel,Madinah,760,Executive Suite,1,9.2,Superb,6872,28
الاريام للاجنحة الفندقية,Buraydah,350,Junior Suite,2,8.4,Good,207,28
Elaf Jeddah Hotel - Red Sea Mall,Jeddah,600,Deluxe King Room,1,7.3,Good,3794,35
Quiet Dreams - Quraysh Branch,Jeddah ,200,One-Bedroom Apartment,1,8.2,Good,749,29
Sheraton Dammam Hotel & Convention Centre,Dammam ,515,"Classic Room, Guest room, 1 King, City view, Low floor",1,7.4,Good,1953,35
Donatello Jeddah Hotel,Jeddah,440,Junior Suite,1,8.4,Good,387,30
Zwarah Hotel Suites,Jeddah,221,Studio (2 Adults),1,7.2,Good,218,37
Hayat Al Rose Hotel Appartment,Jeddah  ,203,Superior Double Room,1,8.3,Good,273,28
Pinetree Suites Hail,Hail,291,Standard Suite,2,7.9,Good,466,40
Swiss International Royal Hotel Riyadh,Riyadh,645,Executive Room,1,8.0,Good,1431,37
"voco - Riyadh, an IHG Hotel",Riyadh,630,Standard Room,1,8.3,Good,2254,28
شقق درر رامه 5,Riyadh,200,Studio,1,6.1,Very good,186,35
Kempinski Al Othman Hotel Al Khobar,Al Khobar,797,Deluxe Twin Room,2,8.3,Good,4387,29
Retaj Hotel Apartments,Riyadh,200,Deluxe Room,1,6.8,Very good,128,35
Orian Hotel,Jeddah,190,Studio Apartment,1,7.8,Good,154,30
The First Tower Hotel,Al Jubail,189,Standard Studio,1,8.3,Good,201,37
Aswar Hotel Suites Riyadh,Riyadh,563,Studio,1,8.5,Good,1463,28
"InterContinental Riyadh, an IHG Hotel",Riyadh,716,Standard Room,1,7.8,Good,1265,36
Ghalia Uhod,Madinah,270,One-Bedroom Apartment with Living,1,8.2,Good,1077,28
Mövenpick Hotel Al Khobar,Al Khobar,900,Premium King Room,1,8.2,Good,2398,28
Hilton Suites Makkah,Makkah,475,King Room City View,1,8.8,Fabulous,7876,35
The Venue Jeddah Corniche,Jeddah,739,Deluxe King Room with City View City Tower,1,7.6,Good,4725,29
Rose Palace Furnished Units,Abha,342,شقه من غرفتى نوم بدون صاله,3,8.1,Good,292,35
سمر الماسيه للاجنحه الفندقيه الفاخره - حي الصفا بجدة,Jeddah,190,Family Studio,1,7.7,Good,37,30
أبها بارادايس - عوائل,Abha,380,One-Bedroom Chalet,1,8.5,Good,314,37
Brand Al Qassim Hotel,Buraydah,540,Twin Room - Disability Access,2,8.9,Fabulous,261,28
Mrakez Alarab Furnished Apartments 3,Jeddah,250,Two-Bedroom Apartment,3,7.9,Good,63,40
Ascott Rafal Olaya Riyadh,Riyadh ,2257,Two-Bedroom Executive,2,7.2,Good,5072,28
Fraser Suites Riyadh,Riyadh,1035,Executive One Bedroom Suite,1,7.9,Good,4110,28
Adagio Aparthotel Jeddah Malik Road,Jeddah,570,One-Bedroom Apartment,1,8.2,Good,862,35
Dist Inn Aparthotel 2,Hail ,200,Deluxe Studio,1,7.3,Good,169,29
Al Fahad Hotel Suites Al Tahliya,Jeddah,198,Budget Double Room,1,8.1,Good,649,35
Ascott Tahlia Jeddah,Jeddah,473,Executive Studio,1,7.6,Good,4212,30
Al Louloah Al Baraqah Furnished Apartments,Jeddah,176,Standard Single Room,1,8.5,Good,87,37
"Habitat All Suites, Al Khobar",Al Khobar,950,Royal Suite,1,7.7,Good,3802,28
Rahat Al Bal Furnished Units,Jeddah  ,204,Family Studio,2,8.2,Good,293,40
Season Star Hotel Madinah فندق سيزون ستار المدينة,Madinah,280,Deluxe Twin Room,2,8.9,Fabulous,254,28
Dara Hamra,Jeddah,520,Studio Apartment,1,8.7,Fabulous,1092,28
منازل الجميرة للشقق الفندقية,Jeddah,182,One-Bedroom Apartment,2,8.0,Good,43,35
E1 Hotel,Riyadh ,300,Deluxe Apartment,1,7.3,Good,97,29
Makkah Hotel,Makkah,474,1 King Guestroom,1,8.7,Fabulous,4506,35
منازل الساهر للوحدات السكنية فرع 2,Al Qunfudhah,250,One-Bedroom Apartment,2,7.0,Good,38,30
Dara Al Salam,Jeddah,467,Suite Studio,1,9.0,Superb,1438,37
Enwan Suites Hotel,Al Jubail,199,King Studio,1,8.3,Good,12,28
Orans Suites 4,Jeddah,413,Royal Studio,1,7.9,Good,287,40
"InterContinental Al Khobar, an IHG Hotel",Al Khobar,1299,Standard King Room,1,8.4,Good,1131,28
Casablanca Grand Hotel,Jeddah,1350,Executive Suite,2,9.0,Superb,3938,28
Mrakez Alarab Furnished Apartments 3,Jeddah ,250,Two-Bedroom Apartment,3,7.9,Good,63,35
Ascott Rafal Olaya Riyadh,Riyadh,2144,Two-Bedroom Executive,2,7.2,Good,5072,29
Fraser Suites Riyadh,Riyadh,983,Executive One Bedroom Suite,1,7.9,Good,4110,35
Braira AL Wezarat,Riyadh,299,Superior Double Room,1,8.5,Good,2774,30
Dist Inn Aparthotel 2,Hail,200,Deluxe Studio,1,7.3,Good,169,37
Ascott Tahlia Jeddah,Jeddah,449,Executive Studio,1,7.6,Good,4212,28
"Habitat All Suites, Al Khobar",Al Khobar,903,Royal Suite,1,7.7,Good,3802,40
Rahat Al Bal Furnished Units,Jeddah,204,Family Studio,2,8.2,Good,293,28
Al Balad Inn Corniche,Jeddah,333,Junior Suite,1,7.3,Good,582,28
E1 Hotel,Riyadh,300,Deluxe Apartment,1,7.3,Good,97,35
Makkah Hotel,Makkah,450,1 King Guestroom,1,8.7,Fabulous,4506,29
Madareem Crown Hotel,Riyadh,578,Standard Single Room,1,7.3,Good,645,35
"Park Hyatt Jeddah - Marina, Club and Spa",Jeddah,1500,King Room,1,8.0,Good,1527,30
شقق قصر العنوان الفندقية,Dammam,612,Junior Suite,1,9.1,Superb,248,37
Beach Time Villas Hotel - Family Villas,Jeddah,1458,Three-Bedroom Villa,5,7.9,Good,675,28
Al Balad Inn Al Mishkat,Jeddah,268,Deluxe Apartment,1,6.6,Very good,86,40
Waldorf Astoria Jeddah - Qasr Al Sharq,Jeddah,1340,Qasr King Room,2,9.1,Superb,289,28
Marriott Executive Apartments Madinah,Al Madinah,584,"Studio Apartment, 2 Double, Sofa bed, Garden view",3,9.0,Superb,895,28
Mnazel Jawraq,Riyadh,1665,Villa with Private Pool,4,8.8,Fabulous,58,35
Alreef Diamond Villas,Taif,1500,Standard Villa,1,9.0,Superb,101,29
Rolana Furnished Apartments,Jeddah,189,Deluxe Studio,1,7.5,Good,40,35
Kadi Hotel,Najran,177,One-Bedroom Suite,2,7.9,Good,43,30
Tanuma Aram Hospitality - Hotel Apartments,Tanomah,306,Apartment with Mountain View,1,8.2,Good,1005,37
Al Meshan Hotel,Madinah,120,Double or Twin Room with Bathroom,1,6.8,Very good,55,28
فندق الكامل,Makkah,250,Double or Twin Room,1,8.6,Fabulous,52,40
فندق برج الإبريز,Baish,238,King Room,1,7.7,Good,186,28
Raoum Inn Shaqra,Shaqra,180,Deluxe Junior Suite,1,6.6,Very good,188,28
Al Lord Hotel,Hafr Al Baten,200,Studio Apartment,1,7.6,Good,89,35
Khabti Grand Hotel,Bishah,420,Standard Double Room,1,8.3,Good,1310,29
Golden Sea Hotel,Obhor,219,Deluxe Single Room,1,8.2,Good,171,35
Central Park Hotel Bisha فندق سنترال بارك بيشة,Khamis Mushayt,309,Superior King Room,1,8.2,Good,195,30
Desert Rose Motel,Al Ghat,150,Family Room with Private Bathroom,1,0.0,Very good,0,37
Golden Dune Hotel,Turayf ,180,Superior King Room,1,9.0,Superb,1733,28
قصر البالود 2,Riyadh ,220,Three-Bedroom Suite,5,8.9,Fabulous,228,80
Lavana Furnished Apartments Jeddah,Riyadh,500,Family Studio,3,9.0,Superb,48,28
Nakheel Moon Aparthotel,Riyadh,230,Deluxe Room,1,6.7,Very good,51,28
زيد للأجنحة الفندقية - Zaid Hotel Suites,Turayf,172,Deluxe Double Room,2,8.9,Fabulous,41,35
Le Park Concord Hotel,Riyadh,185,Deluxe Single Room,1,9.0,Superb,423,29
Almudawah Hotel,Turayf,160,Superior Single Room,1,8.3,Good,119,35
اجنحة ياقوتة المدينة,Madinah,250,King Studio,1,9.2,Superb,6,30
Mohamadia Al Zahra Hotel,Madinah,130,Superior King Room,1,7.5,Good,1407,37
ربوة الصفوة Rabwat Al-Safwah 8,Madinah,105,King Room,1,7.6,Good,14,28
MENA AL DIYAR 114,Riyadh ,55,Small Single Room,1,6.3,Very good,290,40
Sharurah Plaza Hotel,Sharurah,200,One-Bedroom Apartment,3,8.7,Fabulous,294,28
Ladera Hotel Tanomah,Tanomah,300,Studio,1,7.2,Good,163,28
Al Jahwah hotel by AL BALAD INN,Asir,200,Deluxe Double Room (2 Adults + 1 Child),1,8.1,Good,398,35
Al Andlus Palace 2 Hotel Kurban فندق قصر الاندلس 2 قربان,Madinah,160,Large Double Room,2,7.9,Good,58,29
Qemam Al Safwah Grand Hotel,Rafha,135,Double Room,1,5.9,Very good,19,35
Rabigh Park Hotel,Rabigh,288,Deluxe Double Room,1,8.0,Good,530,30
منتجع جيدا بارك,Riyadh,500,Cottage with Garden View,3,8.7,Fabulous,361,37
Kyona Purple -Al Qurayat,Jeddah,140,Studio,2,8.4,Good,77,28
Milan Hotel,Makkah,285,One-Bedroom Apartment,1,7.6,Good,15,40
Al Rawda Al Aqeeq Hotel,Madinah,161,Standard Twin Room,2,7.2,Good,3503,28
Jawharat Al Amaken Hotel,Tayma,230,One-Bedroom Apartment,1,8.7,Fabulous,160,28
manzel aram 105,Riyadh,55,Small Single Room,1,5.7,Very good,701,35
فندق جولدن العرين,Abha ,154,Budget Double Room,1,9.9,Exceptional,127,29
فندق العروبة,Riyadh,89,King Studio,1,6.1,Very good,2407,35
Faifa Hotel,Fayfa,1210,Superior Suite,1,7.0,Good,302,30
العييري للوحدات المفروشة الباحة3,Al Baha,110,Double Room with Private Bathroom,2,3.7,Very good,72,37
Anwar Al Zahraa Hotel,Madinah,100,Double Room,2,7.3,Good,259,28
OYO 242 Al Ahlam Resort Al Leith,Al Lith,385,Standard Studio Double,1,6.5,Very good,333,40
Ebreez Hotel,Jeddah,239,Deluxe King Room,1,7.5,Good,2247,28
Hawadah Hotel,Jeddah,245,Double Room with Sea View,2,7.3,Good,460,40
شدون للوحدات السكنية,Buraydah,144,Economy Double Room,1,6.9,Very good,170,35
فندق رحابة Rahabah Hotel,Madinah,158,Budget Double Room,1,7.2,Good,13,29
Acacia Aparthotel,Jeddah,180,Standard Studio,2,7.4,Good,1387,35
Al Muhaidb Residence Al Dawadmi,Riyadh,350,Two-Bedroom Apartment,3,8.7,Fabulous,663,48
Rayat Alshalal Hotel 2,Hafr Al Baten,315,Deluxe Double or Twin Room,1,8.2,Good,91,37
Rabigh Tower Hotel,Rabigh,140,Double Room,1,5.5,Very good,210,28
دالين جدة,Jeddah ,160,Studio,1,0.0,Very good,0,40
الديوان للوحدات السكنية,Makkah ,130,One-Bedroom Apartment,1,5.1,Very good,62,28
Plaza Business Hotel,Riyadh,231,Standard Double or Twin Room,2,6.6,Very good,3576,28
ارياف القهيب للشقق المفروشه بالطايف,Taif,115,One-Bedroom Apartment,1,0.0,Very good,0,35
القصر المميز للوحدات السكنية,Riyadh,107,One-Bedroom Apartment,1,6.5,Very good,13,29
ASTER HOTEL,Jeddah ,285,Deluxe Double Room with Side Sea View,1,7.6,Good,1401,35
ريف الهجرة للوحدات السكنية,Al ‘Awālī,122,Deluxe Single Room,1,7.4,Good,135,30
فندق سبال,Madinah,140,Double Room,2,6.4,Very good,227,37
Sama Inn Hotel,Riyadh,254,Superior Single Room,1,7.8,Good,310,28
Al Kiswah Towers Hotel,Makkah,99,Standard Double or Twin Room,2,8.2,Good,5241,40
دوفيل ان,Şabyā,350,Deluxe King Room,1,8.3,Good,72,28
رواح للوحدات السكنية,Jeddah,190,One-Bedroom Apartment,2,7.5,Good,180,28
Saif Boutique Hotel International,Al Qassim ,315,Classic King Room,1,7.6,Good,455,35
استراحة قطوف الورد بالطايف,Taif,500,Deluxe Room (2 Adults + 1 Child),1,0.0,Very good,0,29
شقق بيات العالية بوادي بن هشبل Bayat Al aliah Apartments in Wadi bin Hashbal,Khamis Mushayt,130,One-Bedroom Apartment,4,8.9,Fabulous,21,35
سرو للوحدات السكنية,Al Namas,250,One-Bedroom Villa,1,7.6,Good,425,30
Mena Andalusia Riyadh,Riyadh ,213,Standard Room Twin,1,7.2,Good,3259,37
Bhadur Resort Jeddah,Obhor,600,Standard  Room,1,5.7,Very good,852,28
Quartz Executive كوارتز التنفيذية,Abha,322,Superior Suite,2,8.5,Good,87,40
رواسل,Jeddah,208,Two-Bedroom Apartment,4,8.1,Good,79,56
Almuhaidb Residence Al Jubail,Al Jubail,270,Standard King Room,1,7.7,Good,1595,28
فندق العرب إن,Riyadh,80,Budget Triple Room,3,7.3,Good,33,59
Royal El Naser Hotel,Al Khobar,200,Budget Single Room,1,5.4,Very good,374,29
Karam Hiraa Hotel Apartments - كرم حراء للشقق الفندقية,Jeddah,215,Deluxe King Studio,1,8.0,Good,863,35
Crown Rose Hotel,Riyadh,360,Superior King Room,1,7.8,Good,1139,30
دار اجواء 2,Riyadh,179,One-Bedroom Apartment,1,0.0,Very good,0,37
بسمة,Abha  ,119,Two-Bedroom Apartment,2,5.5,Very good,24,60
Aber Al Takhassusi,Riyadh,495,Deluxe King Room,1,8.5,Good,535,40
فندق العاصمة,Riyadh,105,Double Room,1,6.0,Very good,44,28
Rollins Hotel,Buraydah,279,King Suite,1,8.0,Good,2014,28
فندق حديقة القصور,Jazan,212,Economy Double Room,1,8.0,Good,71,35
Obaer Hotel,Riyadh,350,Deluxe King Room,1,7.3,Good,2799,29
وارفة للشقق المفروشة,Jeddah ,170,Studio,1,7.1,Good,406,35
لوس للشقق المفروشة,Riyadh,150,Studio,1,6.1,Very good,65,30
A H Hotel,Jeddah,158,Studio,1,8.1,Good,2121,37
سرور,Riyadh ,55,Single Room,1,0.0,Very good,0,28
Al Nabarees Al Masi Hotel,Jeddah,106,Deluxe Twin Room,2,6.5,Very good,1693,40
Golden Tulip Hail,Hail,318,Executive Room,1,6.5,Very good,1797,28
Adwaa Rafa,Al Kharj,113,Deluxe Room (2 Adults + 1 Child),1,7.5,Good,659,28
ريف عسير للشقق المفروشة,Khamis Mushayt,123,Single Room,1,7.5,Good,34,35
Orchida Turaif Hotel 1,Turayf,125,Twin Room,2,6.0,Very good,23,29
Diamond Suites,Madinah,134,Economy Double Room,1,7.1,Good,144,35
Areen ApartHotel,Riyadh,203,Deluxe Double Room,1,7.4,Good,521,30
Jinan Al Nakhil Apartment Hotel,Riyadh,193,Superior Suite,1,8.6,Fabulous,117,37
The District Hotel Najran,Najran,310,Deluxe Double Room with City View,1,8.4,Good,993,28
سفن سيز 2 للوحدات السكينه,Jeddah  ,162,One-Bedroom Apartment,3,5.5,Very good,236,40
Freesia Hotel,Jeddah  ,270,One-Bedroom Suite,1,7.8,Good,59,28
Pearl of Vision Hotel,Jeddah  ,153,Standard Single Room,1,8.5,Good,134,28
Raoum Inn - Hawtah Bani Tamim,Riyadh,165,One-Bedroom Suite,1,6.4,Very good,126,35
Safa Albawadi,Jeddah  ,115,Twin Room,2,7.6,Good,773,29
Aber Hotel Unayzah,Unayzah  ,285,Twin Room,2,8.4,Good,648,35
Golden Tulip Al Nasiriah Hotel,Riyadh,291,Standard King Room,1,6.6,Very good,3521,30
Al Rahden Hotel,Riyadh,594,Deluxe Double or Twin Room with Balcony,2,8.5,Good,660,37
Toot House,Taif,250,One-Bedroom Apartment,1,8.2,Good,1933,28
Hayah Golden Hotel,Madinah,122,Quadruple Room,4,6.9,Very good,1206,40
Qasr Al Nabarees ApartHotel,Jeddah,124,One-Bedroom Apartment,2,5.1,Very good,167,28
القصر للاجنحة الفندقية 7 الواديين,Khamis Mushayt,360,Junior Suite,2,8.7,Fabulous,100,28
Midan Hotel,Makkah,189,Double Room,1,8.6,Fabulous,3508,35
Taraf Al Asalah Villas,Asir,200,One-Bedroom Villa,1,7.4,Good,125,29
Lavana Furnished Apartments Salam,Jeddah,161,Studio,1,7.9,Good,796,35
Bay La Sun Hotel and Marina - KAEC,King Abdullah Economic City,1074,Deluxe Double Room with City View,1,8.2,Good,9054,30
Vision of Onaizah Furnished Units,Unayzah,153,Twin Room,2,8.2,Good,829,37
فندق لافندر,Taif,499,Deluxe Suite,1,8.3,Good,632,28
Dar Al Naem Hotel,Madinah,150,Standard Twin Room,2,6.4,Very good,1371,40
Marriott Executive Apartments Madinah,Madinah,850,"Studio Apartment, 1 King, Sofa bed, Garden view",2,9.0,Superb,895,28
Mnazel Jawraq,Riyadh,2250,Villa with Private Pool,4,8.8,Fabulous,58,28
شاليهات ويڤ Wave Resorts,Al Khobar,3750,Chalet,4,7.9,Good,39,35
Villa Al Nakhil,King Abdullah Economic City,1764,Three-Bedroom Villa,5,0.0,Very good,0,29
دار الود للأجنحة الفندقية,Jeddah,217,Studio,1,8.2,Good,336,35
Alreef Diamond Villas,Taif,1500,Standard Villa,13,9.0,Superb,101,30
Rolana Furnished Apartments,Jeddah,189,Deluxe Studio,1,7.5,Good,40,37
Saray Chalet at Amwaj Resort شاليه ساراي في منتجع أمواج للعائلات فقط,Al Khobar,4079,Four-Bedroom House,7,8.3,Good,12,28
Shams W Qamar Chalets,Taif,1170,One-Bedroom Chalet,5,8.5,Good,20,40
فندق حياة تاون,Umm Lajj,629,Deluxe Suite,2,7.3,Good,8,28
Luqya Hotel Suites,Jeddah ,140,Studio Apartment,1,7.6,Good,97,28
Kadi Hotel,Najran,177,One-Bedroom Suite,2,7.8,Good,44,35
فلل المدينة العاليةVIP,Abha,3200,Two-Bedroom Villa,3,0.0,Very good,0,29
Tanuma Aram Hospitality - Hotel Apartments,Tanomah,247,Studio with Mountain View,1,8.2,Good,1005,35
Al Farhan Dumah Al Jandal,Dawmat al Jandal,179,Deluxe Apartment,2,8.2,Good,105,30
Al Meshan Hotel,Madinah,120,Double or Twin Room with Bathroom,1,6.8,Very good,55,37
فندق الكامل,Makkah,250,Double or Twin Room,1,8.6,Fabulous,52,28
فندق بلانتي,Makkah,136,Basic Triple Room,3,8.0,Good,85,55
فندق برج الإبريز,Baish,238,King Room,1,7.7,Good,186,28
Raoum Inn Shaqra,Shaqra,150,Superior Double Room,1,6.6,Very good,188,28
Al Lord Hotel,Hafr Al Baten,200,Studio Apartment,1,7.6,Good,89,35
Asfar Hotel Suites,Shaqra  ,241,Standard Suite,1,8.9,Fabulous,214,29
Khabti Grand Hotel,Bishah,400,Budget Double Room,1,8.3,Good,1310,35
Golden Sea Hotel,Obhor ,340,Junior Suite,1,8.2,Good,172,30
Desert Rose Motel,Al Ghat,150,Family Room with Private Bathroom,1,0.0,Very good,0,37
Golden Dune Hotel,Turayf,250,Small Double Room,1,9.0,Superb,1735,28
قصر البالود 2,Riyadh,127,Budget Double Room,1,8.9,Fabulous,228,30
العييري للوحدات المفروشة الباحة3,Buraydah,110,Double Room with Private Bathroom,2,3.7,Very good,72,44
