hotel_name,location,price,room_type,beds,rating,rating_title,number_of_ratings,per_night
رواح للوحدات السكنية,Taif,190,One-Bedroom Apartment,2,7.5,Good,180,1
Aloft Riyadh Hotel,Riyadh,475,"Breezy Room, Guest room, 1 King",1,8.2,Very good,2947,1
Nourth House ApartHotel,Al Qurayyat,200,Budget Twin Room,2,7.5,Good,264,1
Dyar Al Hamra Hotel,Jeddah,340,Junior Suite King,1,7.7,Good,3923,1
Courtyard by Marriott Riyadh Northern Ring Road,Riyadh,525,"Standard, Guest room, 1 King",1,8.1,Very good,1032,1
جراند بلو للشقق الفندقية,Dammam,207,One-Bedroom Apartment,1,7.3,Good,114,1
Golden Bujari Al-Dhahran - Hotel,Al Khobar,490,Deluxe Twin Room,2,8.4,Very good,2315,1
Best Western Plus Buraidah,Buraydah,330,Grand Non-Smoking 2 Twin Beds Room,2,8.0,Very good,1552,1
Al Hayatt Plus,Riyadh,210,Economy Quadruple Room,4,6.9,Review score,2300,1
Courtyard by Marriott Riyadh Olaya,Riyadh,550,"Guest room, 2 Double",1,8.3,Very good,2859,1
Orchida Turaif Hotel 2,Ţurayf,125,Single Room with Bathroom,1,7.6,Good,32,1
Rose Park,Riyadh,600,Standard Apartment,2,8.2,Very good,139,1
Madinah Mövenpick Hotel,Madinah,626,One-Bedroom Suite,1,7.6,Good,3635,1
Grand Hyatt Alkhobar Hotel and Residences,Al Khobar,750,King Room,1,8.7,Fabulous,2257,1
Jabal Omar Marriott Hotel Makkah,Makkah,300,Superior Double Partial Haram View,2,7.8,Good,2671,1
Courtyard Riyadh by Marriott Diplomatic Quarter,Riyadh,490,"Guest room, 2 Double",1,8.1,Very good,2443,1
Gulanar Hotel,Unayzah,350,Deluxe King Room,1,8.5,Very good,1343,1
Le Meridien Riyadh,Riyadh,800,"Deluxe Room, Guest room, 2 Twin/Single Bed(s)",2,8.2,Very good,764,1
Novotel Riyadh Al Anoud,Riyadh,360,Superior Queen Room,1,7.2,Good,2943,1
Centro Waha by Rotana,Riyadh,450,Standard Twin Room,2,7.5,Good,6614,1
Novotel Yanbu Albahr,Yanbu,480,Superior Double Room,1,8.0,Very good,2591,1
Mövenpick Hotel City Star Jeddah,Jeddah,440,Superior King Room,1,8.5,Very good,1614,1
Four Points by Sheraton Makkah Al Naseem,Makkah,149,King Room,1,8.5,Very good,13389,1
أجنحة سالين - للوحدات السكنية المفروشة,Hail,99,Double Room with Private Bathroom,1,5.9,Review score,53,1
رمال الجزيره,Makkah,170,One-Bedroom Apartment,1,6.3,Review score,153,1
MENA AL DIYAR 114,Riyadh,140,Studio,1,6.3,Review score,292,1
Sharurah Plaza Hotel,Sharurah,200,One-Bedroom Apartment,3,8.7,Fabulous,294,1
Coral Al Ahsa Hotel,Al Khars,350,Standard Double Room,2,7.1,Good,1108,1
Ladera Hotel Tanomah,Tanomah,300,Studio,1,7.2,Good,163,1
القصر المميز خميس مشيط,Khamis Mushayt,134,Deluxe Double Studio,1,7.9,Good,281,1
ديوانية المسافر,Az Zulfi,79,One-Bedroom Apartment,2,8.0,Very good,7,1
Al Jahwah hotel by AL BALAD INN,Al Namas,250,Junior Suite,1,8.1,Very good,399,1
Al Andlus Palace 2 Hotel Kurban فندق قصر الاندلس 2 قربان,Makkah,180,Large Double Room,2,7.9,Good,58,1
Qemam Al Safwah Grand Hotel,Rafha,135,Double Room,1,5.9,Review score,19,1
Rabigh Park Hotel,Rabigh,252,Standard Double Room,1,8.0,Very good,530,1
"Bay la sun , Luxury apartment with nice view",King Abdullah Economic City,950,Deluxe Family Suite with City View,3,8.5,Very good,99,1
منتجع جيدا بارك,Riyadh,400,Cottage with Garden View,3,8.7,Fabulous,361,1
Kyona Purple -Al Qurayat,Jeddah,130,Studio,2,8.4,Very good,79,1
وحدات النخيل,Al Rass,80,One-Bedroom Apartment,1,7.7,Good,224,1
Milan Hotel,Makkah,285,One-Bedroom Apartment,1,7.6,Good,15,1
Al Rawda Al Aqeeq Hotel,Madinah,130,Standard Twin Room,2,7.2,Good,3508,1
"Naseem ,S Country نزل النسيم الريفيHouse",Al Ula,500,Quadruple Room with Shared Bathroom,4,8.1,Very good,285,1
Jawharat Al Amaken Hotel,Tayma,230,One-Bedroom Apartment,1,8.7,Fabulous,160,1
Crystal Blue Hotel,Rabigh,350,Deluxe Studio,1,7.1,Good,141,1
manzel aram 105,Riyadh,108,One-Bedroom Apartment,1,5.7,Review score,702,1
فندق جولدن العرين,Abha,150,Budget Double Room,1,9.9,Exceptional,127,1
فندق العروبة,Riyadh,89,King Studio,1,6.1,Review score,2409,1
Faifa Hotel,Fayfa,375,Double Room,1,7.0,Good,302,1
العييري للوحدات المفروشة الباحة3,Al Baha,110,Double Room with Private Bathroom,2,3.7,Review score,72,1
Anwar Al Zahraa Hotel,Madinah,100,Double Room,2,7.3,Good,260,1
OYO 242 Al Ahlam Resort Al Leith,Al Lith,387,Standard Studio Double,1,6.5,Review score,333,1
فندق سوار,Madinah,145,Small Twin Room,2,8.6,Fabulous,22,1
Golden Dakhil,Madinah,100,Economy Double Room,1,7.3,Good,420,1
الوادي للوحدات السكنية,Riyadh,200,Deluxe Twin Room,2,8.5,Very good,149,1
عماره السيف,Rabigh,122,One-Bedroom Apartment,3,7.0,Good,76,1
"Park Inn by Radisson, Riyadh",Riyadh,352,Standard Room,1,8.2,Very good,1373,1
Taleen AlAqiq hotel apartments,Riyadh,230,One-Bedroom Apartment,2,6.8,Review score,1206,1
REVERA RESORT,Madinah,850,Studio with Garden View,3,8.3,Very good,47,1
Raghdan Village,Al Baha,297,One-Bedroom Chalet,2,5.9,Review score,410,1
فندق ضيوف النباريس,Jeddah,85,Studio,1,5.4,Review score,673,1
فندق صدفة,Riyadh,490,Deluxe King Room,1,8.8,Fabulous,83,1
Ramada Encore Al Khobar Olaya,Riyadh,319,Queen Room - Non-Smoking,1,7.5,Good,2776,1
Staytion First - Al Zahra,Jeddah,170,Studio Apartment,1,8.8,Fabulous,972,1
شاليهات سويت هوم الدرب الكدره,Ad Darb,450,One-Bedroom Apartment,1,9.1,Superb,28,1
وفود للوحدات السكنية المفروشة,Rafha,129,King Room,1,8.1,Very good,65,1
القصر للاجنحة الفندقية (احد رفيده),Khamis Mushayt,340,Deluxe Queen Suite,4,8.6,Fabulous,99,1
العييري للوحات المفروشة جدة 5,Jeddah,86,Double Room with Private Bathroom,3,5.9,Review score,16,1
بست ون للوحدات السكنيه المفروشه,Al Duwadimi,270,One-Bedroom Apartment,1,8.6,Fabulous,22,1
شاليهات ارنيكا,Taif,300,Two-Bedroom Chalet,4,8.2,Very good,71,1
Touq Balad,Jeddah,175,Budget Double Room,1,8.4,Very good,504,1
توجاردن الحرمين,Jeddah,200,Executive Suite,2,9.0,Superb,85,1
Address Sharurah Hotel,Sharurah,200,Standard Double Room,2,8.1,Very good,97,1
The first diamond الماسيه الاولي,Jeddah,225,Economy Double Room,1,8.3,Very good,52,1
Al Madinah Concorde Hotel,Madinah,137,Deluxe King Room,1,6.8,Review score,703,1
Marina House,Riyadh,86,Budget Double Room,2,5.0,Review score,216,1
THORA ALAMJAD FURNISHED APARTMENTS (ذرى الامجاد للوحدات السكنية المفروشة (الراحة بلازا سابقا,Sharurah,119,Family Studio,1,7.2,Good,235,1
Durat Al Ruwmansiya 3,Tabuk,140,Deluxe Apartment,2,6.3,Review score,863,1
Shahad Al Taif,Taif,144,Studio Apartment,1,7.4,Good,2439,1
Business Inn Tahlia Hotel,Riyadh,237,Business King Room,1,6.6,Review score,1023,1
Manazeli AlKhozama منازلي الخزامى,Madinah,150,Economy Double Room,1,7.4,Good,5,1
reef101,Riyadh,150,Studio,1,6.1,Review score,200,1
فندق ارتال طيبة Artal Taiba Hotel,Madinah,83,Budget Triple Room,3,6.6,Review score,1117,1
""" لاڤيلا ""منتجع وشاليهات لا فيلا العرسان",Riyadh,250,Deluxe Double Room with Balcony,1,7.3,Good,86,1
شاطئ الحياة للأجنحة الفندقية,Jeddah,187,Studio,1,8.1,Very good,380,1
Mirage Al Salam Hotel,Madinah,125,Basic Triple Room,3,7.2,Good,2530,1
ريحانة الورد,Abha ,88,Budget Double Room,1,6.9,Review score,28,1
Rihan Tibah Furnished Units,Madinah,99,Triple Room with Private Bathroom,3,5.4,Review score,36,1
لوريت للشقق والاجنحة الفندقية,Jeddah,225,Junior Suite,1,0.0,,0,1
مزرعة بإطلالة على الجبل,Madain,1603,Family Room,8,8.5,Very good,15,1
Al Rose Al Motamaiza Furnished Apartment,Jeddah,185,One-Bedroom Apartment,1,7.3,Good,485,1
ملفا للأجنحة الفندقية- فرع حي الموسى,Bishah,180,One-Bedroom Apartment,1,8.0,Very good,144,1
Al Muhaidb Residence Al Khobar,Riyadh,255,Double Room,1,6.8,Review score,1202,1
Jamjoom Hotel - فندق الجمجوم,Jeddah,131,Deluxe King Room,1,6.2,Review score,724,1
Diamond Elite hotel,Jeddah,225,Twin Room,2,8.4,Very good,1319,1
Almakan Suites 111,Riyadh ,61,Studio Apartment,1,4.0,Review score,830,1
Swiss EYE,Jeddah,219,Deluxe Twin Room,2,7.6,Good,1073,1
Al Hamra Palace ApartHotel Falastin,Jeddah,170,Deluxe Studio,1,6.7,Review score,1529,1
برج سما للشقق المفروشة,Jeddah,102,Studio,2,6.3,Review score,768,1
Ebreez Hotel,Jeddah,200,Deluxe King Room,1,7.5,Good,2248,1
Hawadah Hotel,Jeddah,230,Standard Double Room,1,7.3,Good,461,1
شدون للوحدات السكنية,Buraydah,144,Double Room - Disability Access,1,6.9,Review score,171,1
Durrat Hira ApartHotel,Jeddah,163,Studio,1,8.1,Very good,1067,1
منتجع قرية الريف الفندقية,Taif,315,One-Bedroom Chalet,1,7.8,Good,95,1
منتجع قرية الفقرة,Madinah,1400,Two-Bedroom Villa,4,8.6,Fabulous,8,1
فندق رحابة Rahabah Hotel,Makkah,158,Budget Double Room,1,7.3,Good,14,1
Acacia Aparthotel,Jeddah,144,Economy Double Room,1,7.4,Good,1387,1
Danat Park Hotel,Yanbu,140,Budget Double Room,1,6.5,Review score,563,1
فندق بانوراما الخبر-Panorama ALkohbar Hotel,Riyadh,400,Duplex Studio,1,6.6,Review score,89,1
Rose Diamond Hotel,Madinah,100,Standard Quadruple Room,3,6.7,Review score,318,1
Makarim Palm Hotel,Rabigh,160,One-Bedroom Apartment,1,6.8,Review score,311,1
Luxury apartment in KAEC شقة فاخرة ابراج الشاطئ مدينة الملك عبدالله الاقتصادية - اطلالة علي المدينة,King Abdullah Economic City,1259,Apartment,5,9.4,Superb,7,1
مينا بلازا الطائف Mena Plaza Taif,Taif,140,Standard King Room,1,5.8,Review score,1112,1
Al Qibla Hotel,Madinah,285,Twin Room - Non-Smoking,2,6.3,Review score,1690,1
Orchida Al Hamra,Riyadh ,111,King Studio,1,5.8,Review score,15,1
فندق النهضة Al Nahda Hotel,Jeddah,111,Studio,1,6.3,Review score,340,1
رحاب الضيافة,Dammam,230,Two-Bedroom Apartment,6,0.0,,0,1
Baisan Suites Al Jubail,Al Jubail,210,One-Bedroom Apartment,1,7.0,Good,607,1
Afaq Jeddah,Jeddah,162,Budget Double Room,1,6.8,Review score,2020,1
Naviti Warwick Al Khobar,Riyadh ,309,Deluxe Double Room,1,7.6,Good,3543,1
شاليه وئام,Umm as Salam,650,One-Bedroom Chalet,2,0.0,,0,1
Almakan Hotel 103,Riyadh,144,One-Bedroom Apartment,1,6.0,Review score,1789,1
Bhadur Resort Jeddah,Jeddah,600,Standard  Room,1,5.7,Review score,854,1
Quartz Executive كوارتز التنفيذية,Abha,322,Superior Suite,2,8.5,Very good,87,1
رواسل,Jeddah,168,Superior Twin Room,2,8.1,Very good,79,1
Almuhaidb Residence Al Jubail,Al Jubail,250,Standard King Room,1,7.7,Good,1596,1
Nuzul mena 109,Riyadh,126,Studio Apartment,2,6.2,Review score,970,1
فندق العرب إن,Riyadh,75,Deluxe Double Room,2,7.3,Good,33,1
Royal El Naser Hotel,Riyadh,150,Deluxe Double Room,1,5.3,Review score,375,1
Karam Hiraa Hotel Apartments - كرم حراء للشقق الفندقية,Jeddah,229,Deluxe Double Studio,2,8.0,Very good,864,1
Crown Rose Hotel,Riyadh,360,Superior Twin Room,2,7.8,Good,1139,1
دار اجواء 2,Riyadh,179,One-Bedroom Apartment,1,0.0,,0,1
Genac Hotel Yanbu,Yanbu,100,Deluxe Double Room,2,7.1,Good,444,1
العييري للوحدات المفروشة جدة 6,Jeddah,160,Two-Bedroom Apartment,7,5.1,Review score,13,1
شاليهات سحاب,Buraydah ,1150,Two-Bedroom Chalet,3,9.1,Superb,14,1
شقق بيات العالية بوادي بن هشبل Bayat Al aliah Apartments in Wadi bin Hashbal,Bin Hashbal,130,One-Bedroom Apartment,4,8.9,Fabulous,21,1
سرو للوحدات السكنية,Al Namas,200,One-Bedroom Villa,1,7.6,Good,425,1
الحماد للشقق الفندقية - فرع قريش,Jeddah,120,One-Bedroom Apartment,1,7.2,Good,1836,1
Loalat Al Rowdah Family,Jeddah,210,Apartment,2,7.8,Good,466,1
شقق عمار - شقق خاصة,Al Ula,217,Budget Double Room,2,8.0,Very good,67,1
العييرى للوحات المفروشة جدة4,Jeddah,85,Twin Room with Bathroom,2,3.8,Review score,20,1
Mena Andalusia Riyadh,Riyadh,213,Standard Room Twin,1,7.2,Good,3261,1
Gardino Hotel & Residence - فندق جاردينو,Riyadh,698,Deluxe Room,1,8.7,Fabulous,365,1
Al Andalus Palace 1 Hotel Haram فندق قصر الاندلس 1 الحرم,Madinah,170,Deluxe King Room,1,6.4,Review score,3257,1
Almasem Luxury Hotel suite 6,Riyadh,219,Economy Twin Room,2,7.6,Good,495,1
Golden Abha,Abha,74,Deluxe King Room,1,5.5,Review score,1216,1
Iris Boutique Taif Heart,Taif,297,Deluxe Queen Room,1,8.6,Fabulous,1354,1
Super 8 Al Riyadh,Riyadh,340,King Room - Non-Smoking,1,6.9,Review score,708,1
رانا الخليجية - rana alkhaleejiah,Riyadh,230,One-Bedroom Apartment,1,7.7,Good,17,1
إبريز الحجاز Amarena سابقا,Jeddah,111,Economy Double Room,1,7.0,Good,167,1
دارك للشقق المفروشة,Al Ula,300,Two-Bedroom Apartment,3,7.2,Good,179,1
Raihat Al Bustan Furnished Units,Haradh,180,Budget Double Room,2,6.4,Review score,8,1
شقق درة الجوف,Riyadh,120,Large Double Room,1,6.8,Review score,35,1
Rawabi Al Khobar Hotel,Riyadh,275,Standard Double Room,1,7.4,Good,369,1
Orchida Al Hamra,Riyadh,111,King Studio,1,5.8,Review score,15,1
عابر خميس مشيط,Khamis Mushayt,251,Superior Double Room,1,8.3,Very good,402,1
شاليهات القمر,Taif,470,Two-Bedroom Chalet,3,9.2,Superb,13,1
Areen ApartHotel,Riyadh,171,Economy Double Room,1,7.4,Good,521,1
Al Eairy Apartment-Alqaseem 1,Buraydah,99,Twin Room,2,4.8,Review score,352,1
Luxury apartment in KAEC شقة فاخرة ابراج الشاطئ مدينة الملك عبدالله الاقتصادية - اطلالة علي المدينة,King Abdullah Economic,1259,Apartment,5,9.4,Superb,7,1
ريف عسير للشقق المفروشة,Khamis Mushayt,125,Deluxe Double Room,1,7.5,Good,34,1
Views Hotel & Residences,King Abdullah Economic,764,Studio with Courtyard View,1,8.3,Very good,7034,1
Swiss International Taba Alsalam,Madinah,260,Double Room with Private Bathroom,1,7.7,Good,4439,1
Fakher Yanbu Hotel,Yanbu ,98,Studio,1,7.0,Good,1571,1
Le Park Shaqra,Shaqra ,340,Superior Suite,1,9.0,Superb,114,1
Orchida Turaif Hotel 1,Turayf,125,Twin Room,2,6.0,Review score,23,1
Diamond Suites,Madinah,156,Economy Double Room,1,7.1,Good,144,1
شاليهات نيو فيو الفندقيه,Taif,675,One-Bedroom Chalet,2,0.0,,0,1
Jinan Al Nakhil Apartment Hotel,Al Muzahimiyah,193,Superior Suite,1,8.6,Fabulous,117,1
شاليه ودق,Buraydah,400,Double or Twin Room,2,0.0,,0,1
The District Hotel Najran,Najran,421,Executive Suite with City View,1,8.4,Very good,993,1
Asia Hotel,Riyadh,115,Standard Studio,1,5.5,Review score,304,1
سفن سيز 2 للوحدات السكينه,Jeddah,128,Studio,1,5.5,Review score,236,1
Freesia Hotel,Jeddah,234,Deluxe King Studio,1,7.8,Good,59,1
Pearl of Vision Hotel,Jeddah,153,Standard Double Room,1,8.5,Very good,134,1
Pullman Zamzam Madina,Madinah,280,Classic Twin Room with Patio View,2,8.1,Very good,12774,1
Al Eairy Apartments - Al Taif,Taif,95,Double or Twin Room,1,5.3,Review score,865,1
Danar Hotel Apartments 5,Riyadh,249,Double Room,1,6.5,Review score,724,1
شقق فندقية سبيل,Khamis Mushayt,85,Deluxe Queen Room,1,6.4,Review score,138,1
Raoum Inn - Hawtah Bani Tamim,Al Hillah,165,One-Bedroom Suite,1,6.4,Review score,126,1
Safa Albawadi,Jeddah,130,Twin Room,2,7.6,Good,773,1
Iwaa Alkharj Apartments,Riyadh,160,Deluxe Queen Room,1,7.8,Good,408,1
Lavana Furnished Apartments Salam,Jeddah,152,Studio,1,7.9,Good,796,1
Bay La Sun Hotel and Marina - KAEC,King Abdullah Economic,705,Deluxe Double Room with City View,1,8.2,Very good,9052,1
Vision of Onaizah Furnished Units,Unayzah,153,Twin Room,2,8.2,Very good,830,1
Rafa Homes,Riyadh,318,One-Bedroom Apartment,1,7.5,Good,915,1
فندق لافندر,Taif,229,Studio Apartment,1,8.3,Very good,633,1
Dar Al Naem Hotel,Madinah,150,Standard Twin Room,2,6.4,Review score,1373,1
Executives Hotel - Azizia,Riyadh,279,Standard Double Room,1,8.0,Very good,2709,1
فندق المحمل العصري,Sharurah Show on map,150,Double Room,1,0.0,,0,1
Baylasun Life,King Abdullah Economic City,760,One-Bedroom Apartment,3,8.7,Fabulous,72,1
Gardens View,Taif,216,Standard Studio,1,7.3,Good,318,1
Hotel Qal'aat AlKhafji,AlKhafji,269,Deluxe Double Room,2,7.0,Good,6,1
Al Muhaidb Residence Al Takhassusi,Riyadh,250,Club Double Room,1,6.9,Review score,1092,1
Al Hayatt Plus,Madinah,175,Economy Double Room,2,6.9,Review score,2304,1
Al Eairy Furnished Apartments- Jeddah 2,Jeddah,100,Small Double Room,1,5.2,Review score,879,1
اوج للأجنحة الفندقية,Jazan,465,Standard Studio,1,8.9,Fabulous,40,1
Ramada by Wyndham Dammam Khaleej Road,Dammam,210,Queen Room - Smoking,1,6.9,Review score,4808,1
سويت ان العلا للشقق المفروشة الخاصة Sweet In alula Apartments and organizing tours,Al Ula,620,Three-Bedroom Apartment,8,7.6,Good,163,1
La fontaine Opal,Jeddah,280,Standard Double or Twin Room,1,8.2,Very good,299,1
شالية مارينا,Al Muwayh,1000,Two-Bedroom Chalet,3,0.0,,0,1
استراحة الخير,Riyadh,240,Two-Bedroom Chalet,5,0.0,,0,1
دار العلاية,Sabt Alalayah,162,One-Bedroom Apartment,1,6.2,Review score,68,1
OYO 114 Dome Hotel Al Sulaimaniah,Riyadh,270,Two Bedroom Apartment,3,7.2,Good,2839,1
Ghoson Al Zaitoun Furnished Units,Sakakah,130,Double Room,1,7.1,Good,51,1
Lamar Al Bawadi Hotel,Jeddah,285,Executive Suite,1,8.0,Very good,1664,1
Home Inn Hotel Suites,Riyadh ,210,Junior Suite,2,8.7,Fabulous,818,1
شاليهات فلورنيسا الطائف,Taif,1000,Deluxe King Room,1,8.5,Very good,6,1
TRAMONTANE,Hail,231,Standard Double Room,1,8.5,Very good,853,1
Relax Day Hotel,Tabuk,250,Economy Double Room,2,7.0,Good,278,1
Al Musafer Hotel Riyadh,Riyadh,142,Twin Room,2,5.9,Review score,608,1
"Radisson Blu Hotel, Yanbu",Yanbu,420,Standard Room,1,6.6,Review score,2434,1
Al Diafah Hotel Suites,Riyadh,230,Standard Double Room,1,7.1,Good,730,1
مشارف الفخامة,Ahad Rafidah,180,Double Room,1,7.8,Good,138,1
Hilton Garden Inn Riyadh Financial District,Riyadh,539,King Room,1,7.4,Good,700,1
Areej Hotel,Makkah,55,Double Room with Private Bathroom,2,6.3,Review score,239,1
Al Rabwah House,Riyadh,180,One-Bedroom Apartment,2,6.5,Review score,4,1
Naviti Warwick Dammam,Dammam,289,Standard Double Room,1,7.8,Good,3572,1
Nadra Furnished Apartments,Taif,280,Two-Bedroom Apartment,3,6.8,Review score,268,1
Najd Peak By Quiet Rooms,Riyadh,162,One-Bedroom Apartment,2,5.4,Review score,530,1
شقق جنان المفروشة Jenaan Apartments,Najran,133,One-Bedroom Apartment,1,8.1,Very good,280,1
Mabet Al Tahlia Hotel Apartments,Jeddah,237,Deluxe King Studio,1,7.9,Good,1099,1
Diamond Tower Hotel,Jeddah,219,Superior  Twin Studio,2,8.6,Fabulous,1189,1
العييرى للوحدات السكنية بالقنفذة,Al Qunfudhah,95,Double Room with Private Bathroom,4,5.3,Review score,21,1
Maset Al Masem Al Khobar,Riyadh,300,Double Room with Private Bathroom,2,7.9,Good,648,1
دار شيمة,An Nuqrah,130,Deluxe Double Room,2,0.0,,0,1
Taj Al Khaleej Furnished Units 2,Turayf,150,Deluxe Apartment,2,8.8,Fabulous,116,1
القبة الذهبية1,Riyadh,205,Two-Bedroom Apartment,3,6.6,Review score,180,1
Al Taif Gate Hotel Suites,Taif ,167,One-Bedroom Apartment,1,7.6,Good,4328,1
HDB hotel Sahafa فندق هدب الصحافه,Riyadh,324,Deluxe Double Room,1,7.6,Good,1157,1
Hayaa Hotel,Makkah,70,Double Room with Private Bathroom,2,6.3,Review score,386,1
ريف العلا,Al Ula ,250,King Room,1,7.8,Good,9,1
Nozol Royal Inn Hotel,Madinah,180,Quadruple Room with Bathroom,4,7.0,Good,4108,1
Golden Garden Al Corniche,Dammam,299,King Suite,1,7.2,Good,4641,1
Al Atlal Hotel,Riyadh,207,Double Room,1,6.9,Review score,1353,1
Bay La Sun Hotel and Marina - KAEC,King Abdullah Economic City,705,Deluxe Double Room with City View,1,8.2,Very good,9052,1
فندق المحمل العصري,Sharurah,150,Double Room,1,0.0,,0,1
Ghoson Al Zaitoun Furnished Units,Sakakah  ,130,Double Room,1,7.1,Good,51,1
Lamar Al Bawadi Hotel,Jeddah  ,285,Executive Suite,1,8.0,Very good,1664,1
Home Inn Hotel Suites,Riyadh,210,Junior Suite,2,8.7,Fabulous,818,1
Al Musafer Hotel Riyadh,Riyadh ,142,Twin Room,2,5.9,Review score,608,1
Hilton Garden Inn Riyadh Financial District,Riyadh ,539,King Room,1,7.4,Good,700,1
شقق جنان المفروشة Jenaan Apartments,Najran ,133,One-Bedroom Apartment,1,8.1,Very good,280,1
Maset Al Masem Al Khobar,Riyadh ,300,Double Room with Private Bathroom,2,7.9,Good,648,1
دار شيمة,Hail,130,Deluxe Double Room,2,0.0,,0,1
Al Taif Gate Hotel Suites,Taif,167,One-Bedroom Apartment,1,7.6,Good,4328,1
ريف العلا,Al Ula,250,King Room,1,7.8,Good,9,1
Oasis Rise Hotel Apartments,Jeddah,207,Studio,1,7.9,Good,490,1
Al Rahaa Furnished Units,Abha,195,Two-Bedroom Apartment,3,7.8,Good,1378,1
بيتي الفاخرللشقق الفندقية,Riyadh,250,One-Bedroom Apartment,2,8.8,Fabulous,11,1
Farah Hotel,Makkah,65,Double Room with Private Bathroom,2,7.2,Good,260,1
الليل لك للاجنحه الفندقيه 2,Hail,182,Two-Bedroom Apartment,2,5.9,Review score,18,1
أجنحة ورد,Madinah,131,Junior Suite,3,5.7,Review score,103,1
Najd Peak By Quiet Rooms,Riyadh ,162,One-Bedroom Apartment,2,5.4,Review score,530,1
شقق جنان المفروشة Jenaan Apartments,Najran ,133,One-Bedroom Apartment,2,8.1,Very good,280,1
Rafa Homes - Al Falah,Riyadh ,336,Standard One-Bedroom Apartment,1,7.6,Good,982,1
القبة الذهبية1,Riyadh ,205,Two-Bedroom Apartment,3,6.6,Review score,180,1
Al Taif Gate Hotel Suites,Taif,167,One-Bedroom Apartment,1,7.6,Good,4329,1
Mandaren Suites,Taif,280,One-Bedroom Apartment,1,8.7,Fabulous,251,1
Nozol Royal Inn Hotel,Madinah,189,Quadruple Room with Bathroom,4,7.0,Good,4108,1
Al Atlal Hotel,Al Khobar,207,Double Room,1,6.9,Review score,1353,1
منتجع ومزرعة الرند العلا,Al Ula,1250,Two-Bedroom Chalet without pool,5,7.2,Good,8,1
Zahrat Rozah By Quiet Rooms,Riyadh,189,One-Bedroom Apartment,2,6.7,Review score,346,1
Al Eairy Apartments- Tabuk 4,Tabuk,150,Apartment,3,5.0,Review score,327,1
فندق عروق الذهب المكية 1,Makkah,57,Double Room with Private Bathroom,2,7.2,Good,65,1
Methaq Hotel Suites,Riyadh,230,One-Bedroom Apartment,1,6.7,Review score,260,1
Al Safa Hotel Suites,Jazan,151,One-Bedroom Apartment,2,7.5,Good,1331,1
Golden Tulip Al Waha Hotel - Unayzah,Unayzah,350,Standard King Room,1,8.9,Fabulous,44,1
Nawazi Ajyad Hotel,Makkah,123,Double Room,1,6.3,Review score,3674,1
أبهى رفاف خميس مشيط,Khamis Mushayt,79,Budget Double Room,1,4.0,Review score,14,1
Dar Sadan Hotel Suites,Al Bukayriyah,220,Studio,1,7.5,Good,221,1
Rotana Hotel,Jeddah,161,Superior Twin Room,2,7.7,Good,1130,1
Capital O 419 Al Safeer Hotel,Riyadh,120,Standard Studio,2,5.9,Review score,1204,1
استراحة روح ابحر,Jeddah  ,720,Two-Bedroom Chalet,4,6.8,Review score,5,1
Pullman ZamZam Makkah,Makkah,330,Superior Twin Room with Partial Haram View,2,7.2,Good,23493,1
Swissotel Al Maqam Makkah,Makkah,360,Classic Twin Room with Haram View,2,8.3,Very good,21957,1
فندق المختارون بلازا,Makkah,60,Deluxe Double Room,1,6.8,Review score,145,1
Rawasi Hotel Suites 3 (For Families Only),Jeddah,250,Two-Bedroom Apartment,3,7.6,Good,264,1
Samaya Royal Afif,Afīf,170,Superior Apartment,2,8.3,Very good,253,1
RAK Hotel-Aparts,Jeddah,218,Premiere Double Room,1,7.4,Good,1361,1
Lavent Park Hotel Suites,Jeddah,210,Standard King Room,1,7.2,Good,548,1
دار كنان للوحدات السكنية,Jeddah,93,Budget Room,1,6.2,Review score,1020,1
Al Muhaidb Al Hada Resort,Taif,236,Economy Double Room,1,7.8,Good,802,1
Spectrums Residence Managed by The Ascott Limited,Jeddah,405,One-Bedroom Apartment,1,8.2,Very good,1524,1
القصر للأجنحة الفندقية 9 البديع,Abha  ,565,Junior Suite,2,9.4,Superb,20,1
شقة شاطئ النخيل,Jeddah ,514,Three-Bedroom Apartment,7,8.3,Very good,26,1
Dana Hotel & Residences 2,Riyadh ,270,One-Bedroom Suite,2,9.2,Superb,345,1
Hotel Ritaj Alsahel,Yanbu  ,200,Deluxe Room,1,7.9,Good,849,1
سكن وسط الطبيعة,Jeddah,372,One-Bedroom House,2,9.7,Exceptional,6,1
Diamond Elite Hotel,Jazan  ,225,Twin Room,2,8.2,Very good,1272,1
حياة ريف للوحدات السكنية,Jeddah,143,One-Bedroom Apartment,2,7.7,Good,278,1
Ewaa Express Hotel - Gaber,Riyadh  ,375,Suite,1,8.9,Fabulous,562,1
"Radisson Blu Residence, Dhahran", Al Khobar ,349,Standard Room,1,8.3,Very good,2955,1
Al kharboush For Furnished Units,Hafr Al Baten  ,148,Deluxe Room (2 Adults + 1 Child),1,8.2,Very good,824,1
فندق كراون نجران,Najran ,199,Family Room with Private Bathroom,1,6.5,Review score,56,1
Retaj Al Bayt Suites,Makkah ,315,Standard Twin Room,2,7.7,Good,3361,1
قولدن سكوير طريق الرياض Golden Square Riyadh Road,Khamis Mushayt  ,280,One-Bedroom Apartment,2,9.0,Superb,755,1
Al Ghufran Safwah Hotel Makkah,Makkah ,309,Superior Double Room,2,8.8,Fabulous,7301,1
Aloft Dhahran Hotel,Al Khobar,375,"Aloft Room, 1 King",1,8.2,Very good,4935,1
Ewaa Express Hotel - Al Rawda,Jeddah,259,Standard King Room,1,8.4,Very good,382,1
Zaha Al Munawara Hotel,Madinah,141,Standard King Room,1,8.1,Very good,3474,1
Manazil Al Dhayf,Jeddah,200,Twin Room,2,8.2,Very good,910,1
Province Al Sham Hotel,Madinah,150,Twin Room,2,7.3,Good,2651,1
FLAMINGO Boutique Hotel,Jeddah,252,Junior Suite,2,8.3,Very good,449,1
Nadra Furnished Apartments,Taif  ,280,Two-Bedroom Apartment,3,6.8,Review score,268,1
الاماكن,Al Ula  ,700,Holiday Home,13,0.0,,0,1
فندق انتور جازان Intour Hotel,Jazan  ,342,Deluxe King Room,1,7.6,Good,195,1
فندق دانة التاج DANA ALTAJ HOTEL,Makkah,157,Economy Twin Room,2,6.2,Review score,737,1
فندق الرياض ان - riyadh inn hotel,Riyadh  ,270,Economy Double Room,1,7.8,Good,303,1
استراحة روح ابحر,Obhor  ,720,Two-Bedroom Chalet,4,6.8,Review score,5,1
Rafa - Al Nuzhah,Riyadh  ,430,Superior Double Room,1,8.1,Very good,1222,1
Pullman ZamZam Makkah,Makkah ,330,Superior Twin Room with Partial Haram View,2,7.2,Good,23493,1
Samaya Royal Afif,Afīf ,170,Superior Apartment,2,8.3,Very good,253,1
RAK Hotel-Aparts,Jeddah ,218,Premiere Double Room,1,7.4,Good,1361,1
Al Muhaidb Al Hada Resort,Taif ,236,Economy Double Room,1,7.8,Good,802,1
القصر للأجنحة الفندقية 9 البديع,Abha,565,Junior Suite,2,9.4,Superb,20,1
Dana Hotel & Residences 2,Riyadh,270,One-Bedroom Suite,2,9.2,Superb,345,1
Hotel Ritaj Alsahel,Yanbu,200,Deluxe Room,1,7.9,Good,849,1
سكن وسط الطبيعة,Jeddah ,372,One-Bedroom House,2,9.7,Exceptional,6,1
Diamond Elite Hotel,Jazan,225,Twin Room,2,8.2,Very good,1272,1
Ewaa Express Hotel - Gaber,Riyadh,375,Suite,1,8.9,Fabulous,562,1
ساير للشقق الفندقية,Khamis Mushayt,90,Twin Room with Shared Toilet,2,6.0,Review score,4,1
فندق صفوة اجياد,Makkah,100,Twin Room with Private Bathroom,2,6.9,Review score,34,1
Mirage Hotel Jeddah,Jeddah,239,Deluxe Twin Room,2,9.0,Superb,1759,1
فندق وسام التاج,Makkah ,131,Economy Triple Room,3,6.0,Review score,606,1
Rest Night Hotel Suites- AL Falah,Riyadh,230,Double Room,1,6.9,Review score,1716,1
OYO 273 Star Yanbu Hotel Suites,Yanbu,140,Standard Studio,1,6.6,Review score,208,1
Violet Al Azizia Hotel,Makkah,161,King Room,1,8.5,Very good,7107,1
Aber Hotel - AlYasmin,Riyadh,465,Deluxe Twin Room,2,8.4,Very good,1433,1
البحر للوحدات السكنية,Yanbu,170,Standard Double Room,1,6.8,Review score,197,1
Swiss Blue Al Samer,Jeddah,220,Studio,1,8.1,Very good,589,1
Semat ApartHotel,Jeddah ,300,One-Bedroom Apartment,1,8.3,Very good,458,1
EVA Hotel,Jeddah  ,360,Deluxe Queen Room,1,8.2,Very good,402,1
Marina Arar Furnished Apartments,Arar  ,153,Deluxe Double or Twin Room,1,8.9,Fabulous,771,1
OYO 176 Hotel Safari Al Hada,Taif,108,Standard Studio,1,6.1,Review score,2280,1
Madina Palace Hotel,Jeddah,207,Standard Double Room,2,6.0,Review score,330,1
روضة الملبي للوحدات السكنية,Madinah,120,Double Room,2,6.5,Review score,6,1
"Radisson Blu Hotel, Buraidah",Buraydah  ,444,Standard Room,1,8.3,Very good,1826,1
Al Kenana Hotel,Makkah ,69,Double Room with Private Bathroom,2,7.2,Good,167,1
شاليه جُمان سبرينجز للعائلات,King Abdullah Economic City,590,One-Bedroom Chalet,5,9.5,Exceptional,6,1
فندق جمانه,Yanbu  ,270,Standard Twin Room,2,8.0,Very good,1204,1
Al Hayaah Bayta,Tabuk  ,201,Studio Apartment,2,6.5,Review score,475,1
Ibis Yanbu,Yanbu  ,330,Double Room,1,7.9,Good,1134,1
شقه كبيره,Obhor ,480,Two-Bedroom Apartment,3,0.0,,0,1
Batoul Ajyad Hotel,Makkah,111,Quadruple Room,4,7.5,Good,2362,1
نظرة للشقق الفندقية,Raʼs Munaysif,449,One-Bedroom Apartment,2,8.0,Very good,11,1
Rwnza Hotel Apartments,Tabuk  ,200,One-Bedroom Apartment,5,5.4,Review score,63,1
Seher Aloyon Funished Apartments,Buraydah  ,250,Two-Bedroom Apartment,6,8.1,Very good,599,1
Dari Hotel Families Only,Jeddah  ,266,Studio,1,8.9,Fabulous,238,1
Durra Taraf 1 Residential,Dammam  ,350,One-Bedroom Apartment,1,7.2,Good,1368,1
استراحات و شاليهات البرج,Al Baha,896,Two-Bedroom Apartment,9,7.4,Good,5,1
هيفن بلازا,Riyadh ,230,Standard Room,1,6.4,Review score,3446,1
Iwan Alandalusia Al Ajaweed,Jeddah,230,Standard Double Room,1,7.8,Good,444,1
Taj Al Worood Hotel,Jeddah ,240,King Room,1,8.4,Very good,2228,1
Taj Al Arous Furnished Units,Jeddah,90,غرفة نوم اقتصادية للعزاب مع حمام خارجي,2,6.5,Review score,73,1
شالية الياقوت الأبيض,Makkah,280,Two-Bedroom Chalet,10,0.0,,0,1
Reef residence,Qaryah al Ulya,238,Two-Bedroom Apartment,6,0.0,,0,1
Al Tamayoz Furnished Units,Madinah,72,Double or Twin Room,1,5.4,Review score,360,1
Arjaan Altakhassusi Hotel Suites,Riyadh  ,379,Superior Twin Apartment,2,8.6,Fabulous,1630,1
"Radisson Blu Hotel, Dhahran",Al Khobar,284,Standard Room,1,7.5,Good,1779,1
ساير للشقق الفندقية,Khamis Mushayt  ,90,Twin Room with Shared Toilet,2,6.0,Review score,4,1
فندق صفوة اجياد,Makkah  ,100,Twin Room with Private Bathroom,2,6.9,Review score,34,1
Mirage Hotel Jeddah,Jeddah ,239,Deluxe Twin Room,2,9.0,Superb,1759,1
OYO 273 Star Yanbu Hotel Suites,Yanbu ,140,Standard Studio,1,6.6,Review score,208,1
Aber Hotel - AlYasmin,Riyadh  ,465,Deluxe Twin Room,2,8.4,Very good,1433,1
البحر للوحدات السكنية,Yanbu  ,170,Standard Double Room,1,6.8,Review score,197,1
Swiss Blue Al Samer,Jeddah  ,220,Studio,1,8.1,Very good,589,1
Madina Palace Hotel,Jeddah  ,207,Standard Double Room,2,6.0,Review score,330,1
SAS Hotel,Al Jubail  ,299,Economic Room,1,7.2,Good,1134,1
Mera Houses Aparthotel,Baljurashi  ,200,Double Room,1,8.0,Very good,1782,1
Al Qimah Apartments,Dammam  ,75,Standard Double Room with Shared Bathroom,2,5.0,Review score,362,1
Dorar Rabigh Hotel Apartments,Rabigh  ,143,One-Bedroom Apartment,1,6.1,Review score,172,1
Dar Al Maamon Furnished Apartment,Jeddah ,275,Apartment,3,8.1,Very good,365,1
الزمردة للوحدات السكنية,Ash Shuqayq  ,296,Two-Bedroom Apartment,3,8.3,Very good,65,1
Amyal Alras,Al Rass  ,212,One-Bedroom Apartment,1,8.4,Very good,84,1
Lilas Taif,Taif  ,125,Studio Apartment,1,7.1,Good,433,1
الحمدانية الراقي للشقق المفروشة,Jeddah  ,95,One-Bedroom Apartment,2,6.0,Review score,463,1
Burj Marweat Alkhalil,Makkah  ,75,Budget Double Room,2,6.9,Review score,657,1
New Suite 3,Riyadh  ,215,One-Bedroom Apartment,1,7.9,Good,54,1
TULAY PARK,Al Khobar,195,King Room,1,6.8,Review score,462,1
Almakan Suites 101,Riyadh  ,171,Studio,1,5.4,Review score,880,1
أبها إيليت للوحدات الفندقية,Abha  ,204,Deluxe King Studio,1,6.7,Review score,124,1
Mora Hotel,Jeddah,250,Double or Twin Room,2,7.9,Good,916,1
Karam Taibah Almasi,Madinah,127,Standard Triple Room,3,5.9,Review score,132,1
"شاليهات الرحاب 1, 2",Ash Shiqqah  ,550,Two-Bedroom Chalet,6,8.7,Fabulous,7,1
Al Anoud & Aljawhara Apartments,Hafr Al Baten  ,250,Two-Bedroom Apartment,5,7.0,Good,80,1
Jewar Al Saqefah Hotel,Madinah,200,Double Room,2,7.6,Good,2428,1
Masar Najd,Unayzah  ,200,One-Bedroom Apartment,1,7.8,Good,427,1
دانة القادسية للوحدات السكنية المفروشة,Riyadh  ,170,Studio,1,7.8,Good,209,1
خليجية,Abha  ,75,Deluxe King Room,1,4.2,Review score,95,1
العييري للوحدات المفروشة النعيرية 2,Al Nairyah,90,Double Room with Private Bathroom,3,0.0,,0,1
Shomookh Hotel,Madinah,111,Twin Room,2,7.5,Good,2100,1
Hoor Park - حور بارك,Jeddah ,279,King Room,1,7.7,Good,129,1
البرجس للأجنحة الفندقية,Al Jubail  ,230,Studio,2,6.4,Review score,193,1
جازلي للأجنحة الفندقية,Jeddah  ,157,One-Bedroom Apartment,1,7.4,Good,769,1
العييري للوحدات المفروشة النعيرية 2,Al Nairyah  ,90,Double Room with Private Bathroom,3,0.0,,0,1
Hoor Park - حور بارك,Jeddah ,279,Standard Double Room,2,7.7,Good,129,1
Roof Hotel Apartments,Riyadh  ,400,Superior King Room,1,8.1,Very good,356,1
"Makkah Clock Royal Tower, A Fairmont Hotel",Makkah  ,450,Fairmont King with City View,1,8.3,Very good,19474,1
Al Muhaidb Al Narges,Riyadh ,250,Studio,1,7.2,Good,946,1
التميز,An Nikāshah  ,162,One-Bedroom Apartment,1,0.0,,0,1
Auris Al Fanar ApartHotel,Riyadh,245,One-Bedroom Apartment,1,7.6,Good,548,1
Al Eairy Apartments- Dammam 8,Dammam  ,350,One-Bedroom Apartment,1,5.9,Review score,222,1
Swiss International Resort Unaizah Al Qassim,Unayzah  ,998,One Bedroom Villa with Indoor Pool,1,8.5,Very good,871,1
Oasis Najran Hotel,Najran  ,245,Budget Double Room,1,8.6,Fabulous,869,1
Fadet Talla Residentials,Buraydah  ,128,Studio Apartment,1,7.1,Good,462,1
Palms Lily Hotel Suites,Al Ahsa  ,140,Studio,1,6.2,Review score,1548,1
Al Hamra Palace By Warwick,Riyadh  ,370,Deluxe Room,1,7.2,Good,1233,1
Almakan Almosafer Hotel 106,Riyadh  ,153,One-Bedroom Apartment,1,5.7,Review score,1057,1
Tulip Jazan,Jazan  ,130,Double Room,1,6.4,Review score,465,1
جولدن روز Golden Rose,Jazan  ,324,Deluxe King Studio,2,8.5,Very good,99,1
Manarat Al Misk Hotel,Makkah ,100,Basic Triple Room,3,6.9,Review score,517,1
Madeira Hotel Suites,Al Khobar  ,349,One-Bedroom Suite,1,8.1,Very good,333,1
منازل جدة للوحدات السكنية,Jeddah  ,203,Two-Bedroom Apartment,4,7.4,Good,670,1
Afraa Hotel,Makkah  ,151,Triple Room,3,8.0,Very good,2183,1
Holiday Villa Resort Yanbu,Yanbu  ,943,Deluxe Suite with Sea View,3,7.6,Good,457,1
Grand Plaza Hotel-KAFD Riyadh,Riyadh  ,418,Standard Double Room,1,8.1,Very good,472,1
Qasr Al Hamra ApartHotel Al Hamra Branch,Jeddah  ,144,Deluxe Studio,1,7.1,Good,298,1
نزل خيال للوحدات السكنية,Abha  ,167,One-Bedroom Apartment,2,7.0,Good,174,1
"Makkah Clock Royal Tower, A Fairmont Hotel",Makkah,450,Fairmont King with City View,1,8.3,Very good,19474,1
Al Muhaidb Al Narges,Riyadh  ,250,Studio,1,7.2,Good,946,1
التميز,Riyadh,162,One-Bedroom Apartment,1,0.0,,0,1
Palms Lily Hotel Suites,Al Ahsa ,140,Studio,1,6.2,Review score,1548,1
Manarat Al Misk Hotel,Makkah,100,Basic Triple Room,3,6.9,Review score,517,1
Holiday Villa Resort Yanbu,Yanbu ,943,Deluxe Suite with Sea View,3,7.6,Good,457,1
شقة مفروشة حي الشروق مدينة الملك عبدالله الاقتصادية,King Abdullah Economic City  ,320,Two-Bedroom Apartment,3,7.5,Good,4,1
نزل خيال للوحدات السكنية,Abha S,167,One-Bedroom Apartment,2,7.0,Good,174,1
هتان السودة,Abha,249,Two-Bedroom Villa,3,8.2,Very good,5,1
Al Aqeeq Madinah Hotel,Madinah,285,"Classic Room King bed, City View",1,7.8,Good,6466,1
اطلالة الشرفة3 -Terrace view Residence,Dammam  ,186,One-Bedroom Apartment,1,8.0,Very good,639,1
Karam Al Hejaz,Madinah,105,Deluxe Double Room,2,5.9,Review score,198,1
OYO 586 Al Tamayoz Al Raqi Hira,Jeddah,154,One-Bedroom Apartment,1,7.7,Good,35,1
Masat Darkom 2 Furnished Apartments,Buraydah ,200,Studio,1,7.5,Good,258,1
Loaloat Al Khobar,Al Khobar  ,189,Deluxe Studio,1,7.2,Good,468,1
Dar Hashim Hotel Apartments - Al Morouj,Riyadh  ,380,One-Bedroom Apartment,1,8.9,Fabulous,2320,1
العييري للوحدات السكنية المفروشة الباحة 2,Al Baha  ,90,One-Bedroom Apartment,2,3.6,Review score,294,1
Mira Waterfront Hotel Jeddah,Jeddah  ,285,Superior King Room with City View,1,6.4,Review score,5769,1
Taleen AlQuds 2 hotel apartments,Riyadh  ,160,One-Bedroom Apartment,1,5.8,Review score,119,1
Alfarhan Panda Alfayha,Riyadh  ,288,Budget Double Room,1,8.0,Very good,943,1
Dana Hotel & Residences,Riyadh  ,350,Deluxe Double Room,1,8.8,Fabulous,716,1
Emerald Hotel,Jeddah  ,325,Deluxe King Room,1,8.5,Very good,1047,1
فندق ديار السلام,Madinah,117,Double Room,2,7.2,Good,583,1
فندق رحيق المدينه,Al Madinah  ,90,Budget Double Room,2,5.1,Review score,87,1
Signature Al Khobar Hotel,Al Khobar  ,332,Standard  Room,1,7.1,Good,1499,1
"KAEC, Bay La Sun, Marina 2, Studio with Garden Patio",King Abdullah Economic City  ,570,Family Studio,2,8.8,Fabulous,77,1
Park Jizan Hotel,Jazan  ,300,Deluxe Room (2 Adults + 1 Child),1,7.8,Good,810,1
Afaq Jeddah 3,Jeddah  ,160,Budget Double Room,1,7.2,Good,9,1
فندق أعيان الششة,Makkah  ,61,Double Room with Private Bathroom,2,6.4,Review score,46,1
Khaleej ALez Furnished Units,Dammam  ,122,Studio Apartment,3,6.8,Review score,588,1
الحماد للشقق الفندقية,Jeddah  ,150,King Room,1,7.2,Good,66,1
Silent Room 1 By Quiet Rooms,Riyadh  ,183,One-Bedroom Apartment,1,6.8,Review score,446,1
شاليه فيلا درة العروس,Jeddah ,2000,Two-Bedroom Chalet,9,8.5,Very good,77,1
Chalet Y&M,Ar Rafī‘ah  ,720,One-Bedroom Chalet,4,0.0,,0,1
Al Muhaidb Tahliya (Olaya),Raʼs Munaysif,240,Studio,1,6.3,Review score,598,1
ستديو القهوة النجدية المزاحمية طريق مكة,Makkah ,144,One-Bedroom Apartment,1,0.0,,0,1
Danat Layalina Apparthotel,Al Namas  ,200,One-Bedroom Apartment,3,7.6,Good,499,1
OYO 351 Darr Mesk,Hail  ,122,Standard Studio Double,1,5.8,Review score,123,1
Al Fairouz Resort,Taif ,215,Suite with Balcony,1,7.7,Good,197,1
Grand Star Al Saha Hotel,Jeddah  ,203,Standard Twin Room,1,7.3,Good,249,1
Silent Room 3 By Quiet Rooms,Riyadh  ,216,Deluxe Suite,2,7.2,Good,307,1
Mar Al Diyafah,Burayman,210,Economy Double or Twin Room,1,8.4,Very good,39,1
OYO 315 Ramz Abha Hotel,Abha  ,126,Standard Studio,1,8.0,Very good,1390,1
OYO 277 Al Tamayoz Al Raqi Furnished Units 3,Jeddah  ,88,Deluxe Studio,2,6.1,Review score,328,1
Al Naseem Apartments 9,Riyadh  ,44,Twin Room,2,4.8,Review score,26,1
Jood At Taif residential units,Taif  ,120,Studio Apartment,2,7.0,Good,166,1
Rest Night Hotel Apartments Wadi Al Dawasir,Wadi Al Dawasir  ,252,Double Room,2,8.1,Very good,1233,1
Royal Nights Chalet,Ad Darb  ,500,Two-Bedroom Chalet,3,5.2,Review score,4,1
Comfort Inn AL TAAWON FAMILY ONLY,Riyadh  ,171,Studio,1,5.5,Review score,470,1
فندق زهرة السعد 6,Makkah  ,100,Deluxe Double Room,1,7.6,Good,107,1
درة العروس - للعائلات فقط,Jeddah ,650,Three-Bedroom Chalet,6,7.4,Good,55,1
Seasons Park Hotel,Jeddah,330,Queen Room with Two Queen Beds,2,8.6,Fabulous,1029,1
OYO 167 Dar Al Raies Hotel,Makkah  ,91,Standard Studio,1,7.1,Good,852,1
فندق حياة المدينة,Madinah,108,Deluxe King Room,1,7.0,Good,35,1
Al Eairy Apartments- Riyadh 3,Riyadh  ,105,Double or Twin Room,1,5.4,Review score,604,1
By Quiet Rooms ركن العمر للوحدات السكنية,Riyadh  ,191,Studio,1,6.4,Review score,205,1
Samaa Eva Resort,Abha  ,250,Junior Suite,1,8.3,Very good,583,1
Nawazi Al Tawsea,Makkah  ,75,Double Room,2,5.4,Review score,432,1
Quetzal Aparthotel,Riyadh ,383,Standard Double Room,2,7.9,Good,1773,1
The origins of Capricorn Arbism 15,Dammam  ,85,One-Bedroom Apartment,2,4.5,Review score,20,1
نوفا السويدى,Riyadh  ,280,Two-Bedroom Apartment,5,5.3,Review score,23,1
Dar Al Janoub Hotel Apartments,Jeddah ,450,Economy Double or Twin Room,1,8.6,Fabulous,940,1
غروب الشمس للشقق المفروشه,Jazan  ,150,One-Bedroom Apartment,2,6.4,Review score,13,1
فندق أعيان المعابدة,Makkah  ,59,Double Room with Private Bathroom,2,8.1,Very good,35,1
TIME Dammam Residence,Dammam  ,238,One-Bedroom Apartment,1,7.9,Good,968,1
the blue Diamond 17,Dammam  ,69,Economy Triple Room,3,4.6,Review score,17,1
Armada Hotel Jazan,Jazan ,234,Deluxe Room,1,8.5,Very good,1250,1
فندق جواد التاج Jawad Al-Taj Hotel,Makkah,157,Economy Double Room,2,6.0,Review score,600,1
AlMuhaidb Residence Alkhafji,Al Khafji  ,239,Superior Double Room,1,8.4,Very good,1252,1
Al Eairy Apartments - Al Madinah 14,Madinah,65,Double or Twin Room,1,5.9,Review score,1541,1
AlBaha Palace Furnished Apartment,Al Baha  ,221,Double Room,1,7.6,Good,400,1
Holiday Plus Hotel Suites,Jeddah  ,404,Two-Bedroom Apartment,3,8.1,Very good,249,1
Waqf Al Sherbiny 3,Madinah,100,Standard Studio,1,8.1,Very good,296,1
Radisson Blu Resort Jizan,Jazan  ,534,Standard Room,1,7.6,Good,3436,1
أزد للشقق الفندقية,Tanomah  ,350,Superior Double or Twin Room with Mountain View,1,9.2,Superb,41,1
Crown Tower Hotel,Al Jubail  ,257,Standard Double Room,2,8.2,Very good,1209,1
المنتدي,Abha ,75,Deluxe Double Room,1,4.5,Review score,154,1
فندق الفيصل,Al Ula  ,250,One-Bedroom Apartment,2,5.9,Review score,12,1
Al Denny Aparthotel,Jeddah  ,120,Double Room,1,7.0,Good,749,1
ضيوف جدة للشقق الفندقية,Jeddah  ,153,Studio,1,7.7,Good,305,1
ALolayan Plaza Hotel فندق العليان بلازا,Makkah  ,125,Standard  Room,2,7.8,Good,571,1
فندق الميار Almayar hotel,Madinah,210,Deluxe Queen Room,1,8.6,Fabulous,30,1
Methaq Hotel Suites 2,Riyadh ,270,One-Bedroom Suite,1,4.0,Review score,7,1
Shataa Alula Apartment,Al Ula  ,350,One-Bedroom Apartment,1,8.3,Very good,3,1
"Luxury Modern Apartment, Alwaha- للعوائل فقط",King Abdullah Economic City ,891,Two-Bedroom Apartment,5,9.6,Exceptional,20,1
Najmat Manami Azizyya,Riyadh ,170,One-Bedroom Apartment,1,7.1,Good,111,1
Fakher Yanbu 3 Furnished Units,Yanbu  ,400,Suite with Sea View,1,7.9,Good,398,1
Zowar International Hotel,Madinah,159,Standard Twin Room,1,7.0,Good,1668,1
Al Farhan Hotel Suites,Al Jubail  ,141,Deluxe Double Room (1 adult + 1 child),1,6.8,Review score,419,1
Hayah Al Waha Hotel,Madinah,93,Triple Room,3,5.9,Review score,2579,1
Gacine Hotel,Madinah,235,Large Twin Room,2,8.9,Fabulous,637,1
Ramz Al Fakhamah,Taif  ,178,Deluxe King Studio,1,8.6,Fabulous,837,1
Open ApartHotel,Dammam  ,171,One-Bedroom Apartment,2,5.5,Review score,729,1
Elite Jeddah Hotel,Jeddah,295,Budget Double Room,2,7.8,Good,1395,1
Shahad Hotel,Riyadh  ,162,One-Bedroom Apartment,1,7.2,Good,15,1
Arif Housing Units,Buraydah  ,270,Standard King Room,1,8.7,Fabulous,627,1
Burj Alhayah Hotel Suites Alfalah,Riyadh  ,220,Studio,1,7.5,Good,731,1
Burj Al Faris Hotel Apartments,Jeddah  ,196,Studio,1,8.1,Very good,923,1
Al Marwa Rayhaan by Rotana - Makkah,Makkah  ,314,Classic King Room Haram view,1,7.7,Good,8052,1
فندق سكناي رويالSuknai Royal Hotel,Hail  ,397,Standard King Room,1,8.9,Fabulous,81,1
Kayan Al Taif Hotel,Taif  ,254,Superior King Room,1,8.5,Very good,1221,1
Four Seasons Stars Aparthotel,Al Jubail  ,140,King Studio,1,8.2,Very good,74,1
المهيدب للوحدات السكنيه - حي البوادي,Jeddah,204,King Studio,1,8.5,Very good,103,1
فندق لافيرا ان Lavera Inn Hotel,Riyadh ,366,Deluxe Double Room,1,8.2,Very good,139,1
New Suite,Riyadh ,194,Deluxe Room (1 adult + 2 children),1,7.4,Good,127,1
Lina Park 5,Al Khobar  ,135,One-Bedroom Apartment,1,6.7,Review score,441,1
Rosa Aparthotel,Buraydah  ,200,Double or Twin Room,1,6.1,Review score,124,1
Golden Bujari Hotel Al Khamis,Khamis Mushayt  ,523,Junior Suite,1,8.0,Very good,523,1
"Crowne Plaza Jeddah, an IHG Hotel",Jeddah ,435,Standard Double Room,1,8.3,Very good,1560,1
"Crowne Plaza Riyadh - RDC Hotel & Convention, an IHG Hotel",Riyadh  ,795,Deluxe Room with Two Beds - Non-Smoking,2,8.8,Fabulous,2137,1
"InterContinental Jeddah, an IHG Hotel",Jeddah ,702,Deluxe Room,1,7.9,Good,2785,1
"Crowne Plaza Riyadh Al Waha, an IHG Hotel",Riyadh  ,420,Superior Room,1,7.5,Good,1717,1
Gloria Inn Riyadh,Riyadh  ,300,Standard Room,1,8.0,Very good,3964,1
جلنار المدينة,Madinah,210,One-Bedroom Apartment,1,7.7,Good,98,1
Al Farhan Dumah Al Jandal,Dawmat al Jandal  ,152,Budget Single Room,1,8.2,Very good,104,1
استراحة الشبعان,Shaban  ,150,One-Bedroom Apartment,2,0.0,,0,1
Areen Jeddah Suites Al Madina Road,Jeddah ,212,Junior Suite,1,7.3,Good,144,1
Radiha Hotel Suites,Taif ,180,Deluxe King Room,1,7.3,Good,273,1
إليت الحمراء - فرع الكورنيش,Ar Ruʼays  ,420,Suite with Sea View,2,8.1,Very good,158,1
Sendan Residence,Dammam  ,360,One Bedroom Apartment,2,8.3,Very good,2033,1
Top Stars Hotel,Al Hanakiyah  ,150,Deluxe Double Room with Bath,1,8.8,Fabulous,54,1
أورينتال رزيدنس الدمام,Dammam  ,450,Deluxe Double Room,1,8.5,Very good,216,1
روز للوحدات السكنيه,Al Thybiyah  ,185,Double or Twin Room with Bathroom,2,8.0,Very good,44,1
كيان للأجنحة الفندقية,Ahad Rafidah  ,325,Deluxe King Room,1,9.3,Superb,130,1
Le Park Concord Hotel - Turaif,Ţurayf  ,250,Deluxe Suite,1,9.0,Superb,280,1
فندق كيان,Ahad Rafidah  ,225,Deluxe Double Room,1,8.3,Very good,70,1
Mabiti Alula فندق مبيتي العلا,Al Ula  ,585,Superior Queen Room,1,8.3,Very good,58,1
Alfaw Plaza Hotel,Sharurah ,220,Standard Single Room,1,8.8,Fabulous,67,1
Crystal Blue Rabigh 2,Rabigh  ,300,Deluxe Double Room (2 Adults + 1 Child),1,8.4,Very good,243,1
ذوق الخيال بإدارة وتشغيل الضيافة بالاس,Jeddah,388,Superior One-Bedroom Apartment,1,8.9,Fabulous,238,1
Jeddah Seasons Furnished Apartments,Riyadh ,200,Family Suite,1,7.3,Good,98,1
فندق لؤلؤة المختارون,Riyadh ,60,Twin Room,2,6.0,Review score,18,1
Novotel Riyadh Al Anoud,Riyadh  ,360,Superior Queen Room,1,7.2,Good,2943,1
Centro Waha by Rotana,Riyadh ,450,Standard Twin Room,2,7.5,Good,6614,1
Novotel Yanbu Albahr,Yanbu  ,480,Superior Double Room,1,8.0,Very good,2591,1
Mövenpick Hotel City Star Jeddah,Jeddah ,440,Superior King Room,1,8.5,Very good,1614,1
"Holiday Inn Meydan, an IHG Hotel",Riyadh,285,Standard Room,1,7.6,Good,2406,1
"Holiday Inn Riyadh Al Qasr, an IHG Hotel",Riyadh,375,Standard Room,2,7.2,Good,4162,1
Dar Al Asalah Hotel-Apartments,Hotat bani tamim  ,200,One-Bedroom Apartment,1,7.8,Good,55,1
Four Points by Sheraton Makkah Al Naseem,Makkah  ,149,King Room,1,8.5,Very good,13389,1
أجنحة سالين - للوحدات السكنية المفروشة,As Suwayfilah,99,Double Room with Private Bathroom,1,5.9,Review score,53,1
رمال الجزيره,Taif  ,170,One-Bedroom Apartment,1,6.3,Review score,153,1
M Hotel Makkah by Millennium,Makkah  ,120,Standard Twin Room,2,7.8,Good,5301,1
Carawan Hotel Jeddah - Al Naeem Near Al Danube Market in Madina Road,Jeddah ,270,Standard Twin Room,2,8.0,Very good,1124,1
نظرة للشقق الفندقية,Al Khobar,436,One-Bedroom Apartment,2,7.9,Good,10,1
Riyadh Marriott Hotel,Riyadh  ,425,"Guest Room, 1 King",1,7.6,Good,895,1
Novotel Suites Riyadh Olaya,Riyadh ,400,Junior King Suite,1,7.2,Good,1558,1
"Holiday Inn Riyadh Izdihar, an IHG Hotel",Riyadh ,325,Standard Double Room - Non-Smoking,1,7.8,Good,1487,1
Hyatt House Jeddah Sari Street,Jeddah,425,Twin Studio,2,8.4,Very good,2287,1
Sheraton Riyadh Hotel & Towers,Riyadh ,495,"Classic Room, Guest room, 1 Queen",1,8.0,Very good,849,1
Executives Hotel - Olaya,Riyadh,473,Standard King Room,1,7.9,Good,5475,1
Etlalet Al-Sharm Apartments,Yanbu  ,450,Two-Bedroom Apartment,6,7.8,Good,209,1
Lafontaine Jeddah Hotel,Jeddah  ,189,Deluxe Twin Room,2,6.8,Review score,1210,1
Jabal Omar Hyatt Regency Makkah,Makkah ,600,Twin Room,2,8.4,Very good,20622,1
Lara Al Jawf Hotel Apartments,Arar  ,158,Standard Apartment,2,7.9,Good,283,1
Golden Tulip Buraidah Al Qassim,Buraydah  ,405,Standard Twin Room,2,7.5,Good,1182,1
Ibis Jeddah Malik Road,Jeddah,289,Standard Twin Room,2,7.9,Good,2579,1
Centro Salama Jeddah by Rotana,Jeddah ,346,Queen Room,1,7.9,Good,3441,1
"Crowne Plaza Madinah, an IHG Hotel",Madinah,345,Standard Room,1,8.1,Very good,3669,1
JEDDAH PALACE,Jeddah  ,150,Deluxe King Room,1,6.9,Review score,390,1
Tulip Inn Al Dar Rawafed,Madinah,280,King Room with City View,1,7.9,Good,2227,1
"Holiday Inn Jeddah Al Salam, an IHG Hotel",Jeddah  ,301,Leisure King Room with Pool View - Smoking,1,7.4,Good,1913,1
Seven Garden's Hotel,Taif  ,365,King Studio,1,9.4,Superb,1135,1
Glamour Inn جلامور ان,Jeddah,200,Budget Double Room,1,7.0,Good,223,1
Hayatt International1,Madinah,180,Economy Double Room,2,6.6,Review score,808,1
Le Meridien Towers Makkah,Makkah ,130,"Diplomatic Room, Twin/Single Beds",2,7.5,Good,4137,1
Novotel Jeddah Tahlia,Jeddah,396,Superior Double Room with Sofa Bed,1,8.0,Very good,2787,1
"Assila, a Luxury Collection Hotel, Jeddah",Jeddah,950,"Deluxe Guest Room, 1 King, City View",1,8.9,Fabulous,789,1
M Hotel Al Dana Makkah by Millennium,Makkah ,136,Standard Double Room,1,8.5,Very good,1900,1
Aronani Hotel,Hail ,290,Standard  Room,2,6.9,Review score,914,1
Nights Jeddah Hotel,Jeddah ,240,Standard King Room,1,7.5,Good,3166,1
Golden Dune Hotel & Suite,Riyadh  ,359,Superior Double Room,1,8.1,Very good,3176,1
Snood Al Azama Hotel,Makkah  ,85,Double or Twin Room,2,7.3,Good,2776,1
Park Inn by Radisson Jeddah Madinah Road,Jeddah,414,Standard Room,1,8.5,Very good,1455,1
Rose White Hotel,Jeddah,325,Double Room,1,8.2,Very good,444,1
Golden Dream Hotel,Khamis Mushayt  ,340,Standard Double Room,1,8.1,Very good,366,1
"Burj Rafal Riyadh, a Marriott International Hotel",Riyadh  ,1000,"Deluxe, Guest room, 1 King, City view",1,7.9,Good,4620,1
Patto Suites,Al Baha ,180,Standard Apartment,1,6.7,Review score,1165,1
"The Ritz-Carlton, Riyadh",Riyadh  ,1400,Deluxe Guest Room With Twin Beds,1,8.6,Fabulous,3335,1
Dabab Hotel By Warwick,Riyadh ,450,Junior Suite,1,7.5,Good,2881,1
Adagio Jeddah City Center,Jeddah ,349,Double Studio,1,8.4,Very good,166,1
Sukna Almosafer,Unayzah,140,Double Room,1,6.8,Review score,251,1
Ramada by Wyndham Hotel Riyadh,Riyadh  ,330,Classic King Room - Smoking,1,7.2,Good,1800,1
Snood Al salam,Makkah  ,105,Quadruple Room with Bathroom,4,7.7,Good,1976,1
Makarem Umm Al Qura Hotel,Makkah  ,175,Deluxe Twin Room,2,7.7,Good,6673,1
Hilton Riyadh Hotel & Residences,Riyadh  ,750,King Guest Room - Accessible,1,7.5,Good,10004,1
Hilton Garden Inn Riyadh Olaya,Riyadh ,325,Twin Room Plus,2,7.2,Good,590,1
فندق قمر جدة Qamar Hotel Jeddah,Jeddah,441,Standard Double Room,2,8.6,Fabulous,207,1
Taiba Madinah Hotel,Madinah,360,"Superior Room Twin bed, City View",1,8.0,Very good,1292,1
Dist Inn Aparthotel,Hail,480,Penthouse Apartment,1,7.2,Good,816,1
Elaf Al Mashaer Hotel Makkah,Makkah  ,190,transient single room city view,1,7.5,Good,3944,1
Shada Hotel Al Shati,Jeddah,572,King Junior Room,1,8.8,Fabulous,1369,1
DoubleTree by Hilton Hotel Riyadh - Al Muroj Business Gate,Riyadh ,525,King Guest Room,1,7.7,Good,3339,1
Lamar Ajyad Hotel 2 - Tower B,Makkah  ,131,Deluxe King Room,1,7.8,Good,2571,1
Wakan Kinan,Jeddah,318,Suite,3,7.6,Good,664,1
Benzart Hotel Apartments,Ad Dawadimi,260,Deluxe Two-Bedroom Apartment,3,8.5,Very good,254,1
"Prime Hotel - Jeddah, Al Hamra",Jeddah ,350,Junior Suite,1,8.3,Very good,4858,1
Centro Shaheen Jeddah by Rotana,Jeddah,307,Queen Room,1,7.9,Good,3416,1
Lamar Ajyad Hotel,Makkah,145,Deluxe King Room,1,7.8,Good,2725,1
Centro Olaya by Rotana,Riyadh ,490,Queen Room,1,7.9,Good,4132,1
"Marriott Executive Apartments Riyadh, Convention Center",Riyadh  ,950,One-Bedroom Apartment,1,8.2,Very good,1112,1
VERTA Hotel,Jeddah,405,Executive Suite,1,7.9,Good,1113,1
Holiday Suites Al Aziziah,Makkah,220,Deluxe Twin Room,2,8.1,Very good,10838,1
Motiara Hotel - La Valle Mall,Riyadh,490,Deluxe King Suite,1,8.1,Very good,665,1
Seven Garden's Palace,Taif,314,Deluxe Room,1,9.3,Superb,875,1
Ramada by Wyndham Continental Jeddah,Jeddah,350,1 King Bed Superior Room,1,7.9,Good,1633,1
Le Meridien Makkah,Makkah,330,"Twin Haram View, Guest room, 2 Twin/Single Bed(s), City view",2,7.8,Good,5050,1
Hyatt Place Riyadh Sulaimania,Riyadh,500,King Room,1,8.6,Fabulous,1196,1
Marina Hotel,Rayyis,500,Two-Bedroom Apartment,3,8.3,Very good,360,1
Signature Hotel,Jeddah,282,King Room,1,8.8,Fabulous,136,1
Shada Hotel Salama,Jeddah,401,Standard Queen Room,1,8.9,Fabulous,4798,1
Marriott Riyadh Diplomatic Quarter,Riyadh,1150,"Deluxe Room, Guest room, 1 King",1,8.4,Very good,284,1
Mövenpick Hotel Jeddah,Jeddah ,333,Classic King Room,1,7.8,Good,3848,1
Al Waha Palace Hotel,Riyadh ,413,Deluxe King Room,1,7.9,Good,1995,1
Radisson Blu Hotel Riyadh Qurtuba,Riyadh,650,Standard Room,1,7.9,Good,413,1
Millennium Makkah Al Naseem,Makkah,143,Standard King Room,1,8.2,Very good,5424,1
Swiss Spirit Hotel & Suites Taif,Taif,179,Large Double Room,1,7.3,Good,776,1
Grand Plaza Gulf Hotel - Riyadh,Riyadh,800,Executive Suite,1,8.0,Very good,3024,1
Broad ApartHotel,Taif ,759,VIP Suite,1,8.6,Fabulous,781,1
Golden Tulip Riyadh,Riyadh,450,Classic Rooms King,1,9.3,Superb,146,1
Sanam Hotel Suites - Riyadh,Riyadh ,299,Junior Suite,1,7.4,Good,2315,1
القصر المميز خميس مشيط,Khamis Mushayt,134,Deluxe Double Studio,1,7.9,Good,281,1
The Ritz-Carlton Jeddah,Jeddah  ,1575,"Deluxe Room, 2 Twin/Single Bed(s), City View",2,9.0,Superb,1340,1
Al Mutlaq Hotel Riyadh,Riyadh  ,270,Single Room,1,7.8,Good,551,1
Staytion First - Al Zahra,Jeddah,200,Studio Apartment,1,8.8,Fabulous,972,1
InterContinental Al Jubail Resort,Al Jubail,899,Standard Double or Twin Room,2,8.2,Very good,1968,1
Riyadh Airport Marriott Hotel,Riyadh,1200,Deluxe Guest Room with Two Double Beds and Courtyard View,1,8.0,Very good,1723,1
شاطئ الحياة للأجنحة الفندقية,Jeddah ,242,Studio,1,8.1,Very good,380,1
فندق زوايا الماسية,Madinah,179,Studio,1,8.7,Fabulous,209,1
فندق فرج المدينه FARAJ ALMADINA HOTEL,Madinah,187,Budget Double Room,1,9.0,Superb,134,1
WA Hotel,Jeddah,1320,Deluxe Family Room,2,9.5,Exceptional,15,1
"Crowne Plaza Hotel Riyadh Minhal, an IHG Hotel",Riyadh,445,Deluxe King Room - Smoking,1,8.7,Fabulous,1316,1
Loalat Al Rowdah Family,Jeddah,320,Two-Bedroom Apartment,4,7.8,Good,463,1
Almasem Luxury Hotel suite 6,Riyadh  ,259,Studio,1,7.6,Good,494,1
Sheraton Makkah Jabal Al Kaaba Hotel,Makkah  ,210,"Traditional Double City V, Guest room, 2 Twin/Single Bed(s)",2,7.6,Good,1641,1
"Al Faisaliah Hotel, Riyadh",Riyadh ,1695,Superior Room King,1,8.2,Very good,1398,1
Rotana Residence Apartments,Jeddah ,252,One-Bedroom Apartment,2,7.6,Good,635,1
Narcissus Hotel and SPA Riyadh,Riyadh  ,1100,Double Room,1,8.6,Fabulous,3439,1
Kyona Gold-Obhur,Jeddah  ,522,One-Bedroom Apartment,1,8.7,Fabulous,29,1
Braira Hotel-Olaya,Riyadh  ,522,Superior Double Room,1,8.6,Fabulous,3365,1
الفخامة للشقق الفندقية,Madinah,133,Deluxe Double Room,1,7.7,Good,80,1
South Hotel Suites,Khamis Mushayt,450,Deluxe Suite,3,8.9,Fabulous,351,1
Al Waleed Tower Hotel,Makkah,118,Double Room,1,8.2,Very good,2810,1
Habitat Hotel All Suites - Jeddah,Jeddah,475,Junior Suite with Twin Bed,3,8.0,Very good,2220,1
Grand Silverton Hotel,Al Khobar,450,Superior Double Room,1,8.2,Very good,2568,1
"Dar Al Tawhid Intercontinental Makkah, an IHG Hotel",Makkah,690,Standard Room,2,8.8,Fabulous,5319,1
RAND by Wandalus (Formerly Coral Riyadh Suliemaniah),Riyadh ,400,Deluxe Double Room,1,7.6,Good,597,1
Gardens View,Taif,243,One-Bedroom Apartment,1,7.3,Good,318,1
Al Ramla Al Hamra Hotel,Taif,254,One-Bedroom Suite,1,8.4,Very good,592,1
Al Rahaa Furnished Units,Abha,169,One-Bedroom Apartment,1,7.8,Good,1378,1
Mandaren Suites,Taif,400,Two-Bedroom Apartment,3,8.7,Fabulous,251,1
Al Rawda Jewel Apartment Hotel,Jeddah ,245,Deluxe Apartment,1,8.0,Very good,512,1
Dior Inn Hotel,Jeddah,360,Superior King Room,1,9.0,Superb,1411,1
Elite Suites Hotel - Al sahafah,Riyadh,450,One-Bedroom Apartment,1,7.9,Good,569,1
Nadra Furnished Apartments,Taif,300,Two-Bedroom Apartment,3,6.8,Review score,268,1
Narcissus Hotel and SPA Riyadh,Riyadh,1100,Double Room,1,8.6,Fabulous,3439,1
Braira Hotel-Olaya,Riyadh ,522,Superior Double Room,1,8.6,Fabulous,3365,1
Habitat Hotel All Suites - Jeddah,Jeddah  ,500,Junior Suite with Twin Bed,3,8.0,Very good,2220,1
Grand Silverton Hotel,Al Khobar ,450,Superior Double Room,1,8.2,Very good,2568,1
Howard Johnson Dammam Hotel,Dammam,349,King Room with City View - Non-Smoking,1,7.7,Good,1868,1
Dior Inn Hotel,Jeddah  ,360,Superior King Room,1,9.0,Superb,1411,1
Elite Suites Hotel - Al sahafah,Riyadh  ,450,One-Bedroom Apartment,1,7.9,Good,569,1
Makkah Towers,Makkah  ,350,2 Single Guestroom City View,3,8.0,Very good,6138,1
Nadra Furnished Apartments,Taif  ,300,Two-Bedroom Apartment,3,6.8,Review score,268,1
"Al Ahsa InterContinental, an IHG Hotel",Al Hofuf,602,Deluxe King Room - Non-Smoking,1,8.1,Very good,996,1
Andalus Habitat Hotel,Jeddah,596,Studio with Sofa Bed,1,8.6,Fabulous,384,1
Sadeem Hotel Suites2,Jeddah,449,Two-Bedroom Suite,3,8.3,Very good,405,1
Iwan Alandalusia Al Ajaweed,Jeddah,230,Deluxe Double or Twin Room,2,7.8,Good,444,1
Sea Club Resort(Families only),Dammam,1000,Three-Bedroom Chalet with Private Pool,5,7.3,Good,681,1
Delmon Hotel Suites,Jeddah ,225,One-Bedroom Apartment,3,6.7,Review score,171,1
Holiday Khaleej Hotel,Riyadh,495,Deluxe Double Room,2,8.2,Very good,3642,1
Le Meridien Medina,Madinah,320,"High Floor Standard King Bed, Sofa bed",1,7.9,Good,1798,1
Nights Silence- Furnished Appartement By Kyan,Khamis Mushayt,235,Junior Suite,1,8.4,Very good,731,1
Dallah Taibah Hotel,Madinah,760,Executive Suite,1,9.2,Superb,6872,1
الاريام للاجنحة الفندقية,Buraydah,350,Junior Suite,2,8.4,Very good,207,1
Elaf Jeddah Hotel - Red Sea Mall,Jeddah,600,Deluxe King Room,1,7.3,Good,3794,1
Quiet Dreams - Quraysh Branch,Jeddah ,200,One-Bedroom Apartment,1,8.2,Very good,749,1
Sheraton Dammam Hotel & Convention Centre,Dammam ,515,"Classic Room, Guest room, 1 King, City view, Low floor",1,7.4,Good,1953,1
Donatello Jeddah Hotel,Jeddah,440,Junior Suite,1,8.4,Very good,387,1
Zwarah Hotel Suites,Jeddah,221,Studio (2 Adults),1,7.2,Good,218,1
Hayat Al Rose Hotel Appartment,Jeddah  ,203,Superior Double Room,1,8.3,Very good,273,1
Pinetree Suites Hail,Hail,291,Standard Suite,2,7.9,Good,466,1
Swiss International Royal Hotel Riyadh,Riyadh,645,Executive Room,1,8.0,Very good,1431,1
"voco - Riyadh, an IHG Hotel",Riyadh,630,Standard Room,1,8.3,Very good,2254,1
شقق درر رامه 5,Riyadh,200,Studio,1,6.1,Review score,186,1
Kempinski Al Othman Hotel Al Khobar,Al Khobar,797,Deluxe Twin Room,2,8.3,Very good,4387,1
Retaj Hotel Apartments,Riyadh,200,Deluxe Room,1,6.8,Review score,128,1
Orian Hotel,Jeddah,190,Studio Apartment,1,7.8,Good,154,1
The First Tower Hotel,Al Jubail,189,Standard Studio,1,8.3,Very good,201,1
Aswar Hotel Suites Riyadh,Riyadh,563,Studio,1,8.5,Very good,1463,1
"InterContinental Riyadh, an IHG Hotel",Riyadh,716,Standard Room,1,7.8,Good,1265,1
Ghalia Uhod,Madinah,270,One-Bedroom Apartment with Living,1,8.2,Very good,1077,1
Mövenpick Hotel Al Khobar,Al Khobar,900,Premium King Room,1,8.2,Very good,2398,1
Hilton Suites Makkah,Makkah,475,King Room City View,1,8.8,Fabulous,7876,1
The Venue Jeddah Corniche,Jeddah,739,Deluxe King Room with City View City Tower,1,7.6,Good,4725,1
Rose Palace Furnished Units,Abha,342,شقه من غرفتى نوم بدون صاله,3,8.1,Very good,292,1
سمر الماسيه للاجنحه الفندقيه الفاخره - حي الصفا بجدة,Jeddah,190,Family Studio,1,7.7,Good,37,1
أبها بارادايس - عوائل,Abha,380,One-Bedroom Chalet,1,8.5,Very good,314,1
Brand Al Qassim Hotel,Buraydah,540,Twin Room - Disability Access,2,8.9,Fabulous,261,1
Mrakez Alarab Furnished Apartments 3,Jeddah,250,Two-Bedroom Apartment,3,7.9,Good,63,1
Ascott Rafal Olaya Riyadh,Riyadh ,2257,Two-Bedroom Executive,2,7.2,Good,5072,1
Fraser Suites Riyadh,Riyadh,1035,Executive One Bedroom Suite,1,7.9,Good,4110,1
Adagio Aparthotel Jeddah Malik Road,Jeddah,570,One-Bedroom Apartment,1,8.2,Very good,862,1
Dist Inn Aparthotel 2,Hail ,200,Deluxe Studio,1,7.3,Good,169,1
Al Fahad Hotel Suites Al Tahliya,Jeddah,198,Budget Double Room,1,8.1,Very good,649,1
Ascott Tahlia Jeddah,Jeddah,473,Executive Studio,1,7.6,Good,4212,1
Al Louloah Al Baraqah Furnished Apartments,Jeddah,176,Standard Single Room,1,8.5,Very good,87,1
"Habitat All Suites, Al Khobar",Al Khobar,950,Royal Suite,1,7.7,Good,3802,1
Rahat Al Bal Furnished Units,Jeddah  ,204,Family Studio,2,8.2,Very good,293,1
Season Star Hotel Madinah فندق سيزون ستار المدينة,Madinah,280,Deluxe Twin Room,2,8.9,Fabulous,254,1
Dara Hamra,Jeddah,520,Studio Apartment,1,8.7,Fabulous,1092,1
منازل الجميرة للشقق الفندقية,Jeddah,182,One-Bedroom Apartment,2,8.0,Very good,43,1
E1 Hotel,Riyadh ,300,Deluxe Apartment,1,7.3,Good,97,1
Makkah Hotel,Makkah,474,1 King Guestroom,1,8.7,Fabulous,4506,1
منازل الساهر للوحدات السكنية فرع 2,Al Qunfudhah,250,One-Bedroom Apartment,2,7.0,Good,38,1
Dara Al Salam,Jeddah,467,Suite Studio,1,9.0,Superb,1438,1
Enwan Suites Hotel,Al Jubail,199,King Studio,1,8.3,Very good,12,1
Orans Suites 4,Jeddah,413,Royal Studio,1,7.9,Good,287,1
"InterContinental Al Khobar, an IHG Hotel",Al Khobar,1299,Standard King Room,1,8.4,Very good,1131,1
Casablanca Grand Hotel,Jeddah,1350,Executive Suite,2,9.0,Superb,3938,1
Mrakez Alarab Furnished Apartments 3,Jeddah ,250,Two-Bedroom Apartment,3,7.9,Good,63,1
Ascott Rafal Olaya Riyadh,Riyadh,2144,Two-Bedroom Executive,2,7.2,Good,5072,1
Fraser Suites Riyadh,Riyadh,983,Executive One Bedroom Suite,1,7.9,Good,4110,1
Braira AL Wezarat,Riyadh,299,Superior Double Room,1,8.5,Very good,2774,1
Dist Inn Aparthotel 2,Hail,200,Deluxe Studio,1,7.3,Good,169,1
Ascott Tahlia Jeddah,Jeddah,449,Executive Studio,1,7.6,Good,4212,1
"Habitat All Suites, Al Khobar",Al Khobar,903,Royal Suite,1,7.7,Good,3802,1
Rahat Al Bal Furnished Units,Jeddah,204,Family Studio,2,8.2,Very good,293,1
Al Balad Inn Corniche,Jeddah,333,Junior Suite,1,7.3,Good,582,1
E1 Hotel,Riyadh,300,Deluxe Apartment,1,7.3,Good,97,1
Makkah Hotel,Makkah,450,1 King Guestroom,1,8.7,Fabulous,4506,1
Madareem Crown Hotel,Riyadh,578,Standard Single Room,1,7.3,Good,645,1
"Park Hyatt Jeddah - Marina, Club and Spa",Jeddah,1500,King Room,1,8.0,Very good,1527,1
شقق قصر العنوان الفندقية,Dammam,612,Junior Suite,1,9.1,Superb,248,1
Beach Time Villas Hotel - Family Villas,Jeddah,1458,Three-Bedroom Villa,5,7.9,Good,675,1
Al Balad Inn Al Mishkat,Jeddah,268,Deluxe Apartment,1,6.6,Review score,86,1
Waldorf Astoria Jeddah - Qasr Al Sharq,Jeddah,1340,Qasr King Room,2,9.1,Superb,289,1
Marriott Executive Apartments Madinah,Al Madinah,584,"Studio Apartment, 2 Double, Sofa bed, Garden view",3,9.0,Superb,895,1
Mnazel Jawraq,Riyadh,1665,Villa with Private Pool,4,8.8,Fabulous,58,1
Alreef Diamond Villas,Taif,1500,Standard Villa,13,9.0,Superb,101,1
Rolana Furnished Apartments,Jeddah,189,Deluxe Studio,1,7.5,Good,40,1
Kadi Hotel,Najran,177,One-Bedroom Suite,2,7.9,Good,43,1
Tanuma Aram Hospitality - Hotel Apartments,Tanomah,306,Apartment with Mountain View,1,8.2,Very good,1005,1
Al Meshan Hotel,Madinah,120,Double or Twin Room with Bathroom,1,6.8,Review score,55,1
فندق الكامل,Makkah,250,Double or Twin Room,1,8.6,Fabulous,52,1
فندق برج الإبريز,Baish,238,King Room,1,7.7,Good,186,1
Raoum Inn Shaqra,Shaqra,180,Deluxe Junior Suite,1,6.6,Review score,188,1
Al Lord Hotel,Hafr Al Baten,200,Studio Apartment,1,7.6,Good,89,1
Khabti Grand Hotel,Bishah,420,Standard Double Room,1,8.3,Very good,1310,1
Golden Sea Hotel,Obhor,219,Deluxe Single Room,1,8.2,Very good,171,1
Central Park Hotel Bisha فندق سنترال بارك بيشة,Khamis Mushayt,309,Superior King Room,1,8.2,Very good,195,1
Desert Rose Motel,Al Ghat,150,Family Room with Private Bathroom,1,0.0,,0,1
Golden Dune Hotel,Turayf ,180,Superior King Room,1,9.0,Superb,1733,1
قصر البالود 2,Riyadh ,220,Three-Bedroom Suite,5,8.9,Fabulous,228,1
Lavana Furnished Apartments Jeddah,Riyadh,500,Family Studio,3,9.0,Superb,48,1
Nakheel Moon Aparthotel,Riyadh,230,Deluxe Room,1,6.7,Review score,51,1
زيد للأجنحة الفندقية - Zaid Hotel Suites,Turayf,172,Deluxe Double Room,2,8.9,Fabulous,41,1
Le Park Concord Hotel,Riyadh,185,Deluxe Single Room,1,9.0,Superb,423,1
Almudawah Hotel,Turayf,160,Superior Single Room,1,8.3,Very good,119,1
اجنحة ياقوتة المدينة,Madinah,250,King Studio,1,9.2,Superb,6,1
Mohamadia Al Zahra Hotel,Madinah,130,Superior King Room,1,7.5,Good,1407,1
ربوة الصفوة Rabwat Al-Safwah 8,Madinah,105,King Room,1,7.6,Good,14,1
MENA AL DIYAR 114,Riyadh ,55,Small Single Room,1,6.3,Review score,290,1
Sharurah Plaza Hotel,Sharurah,200,One-Bedroom Apartment,3,8.7,Fabulous,294,1
Ladera Hotel Tanomah,Tanomah,300,Studio,1,7.2,Good,163,1
Al Jahwah hotel by AL BALAD INN,Asir,200,Deluxe Double Room (2 Adults + 1 Child),1,8.1,Very good,398,1
Al Andlus Palace 2 Hotel Kurban فندق قصر الاندلس 2 قربان,Madinah,160,Large Double Room,2,7.9,Good,58,1
Qemam Al Safwah Grand Hotel,Rafha,135,Double Room,1,5.9,Review score,19,1
Rabigh Park Hotel,Rabigh,288,Deluxe Double Room,1,8.0,Very good,530,1
منتجع جيدا بارك,Riyadh,500,Cottage with Garden View,3,8.7,Fabulous,361,1
Kyona Purple -Al Qurayat,Jeddah,140,Studio,2,8.4,Very good,77,1
Milan Hotel,Makkah,285,One-Bedroom Apartment,1,7.6,Good,15,1
Al Rawda Al Aqeeq Hotel,Madinah,161,Standard Twin Room,2,7.2,Good,3503,1
Jawharat Al Amaken Hotel,Tayma,230,One-Bedroom Apartment,1,8.7,Fabulous,160,1
manzel aram 105,Riyadh,55,Small Single Room,1,5.7,Review score,701,1
فندق جولدن العرين,Abha ,154,Budget Double Room,1,9.9,Exceptional,127,1
فندق العروبة,Riyadh,89,King Studio,1,6.1,Review score,2407,1
Faifa Hotel,Fayfa,1210,Superior Suite,1,7.0,Good,302,1
العييري للوحدات المفروشة الباحة3,Al Baha,110,Double Room with Private Bathroom,2,3.7,Review score,72,1
Anwar Al Zahraa Hotel,Madinah,100,Double Room,2,7.3,Good,259,1
OYO 242 Al Ahlam Resort Al Leith,Al Lith,385,Standard Studio Double,1,6.5,Review score,333,1
Ebreez Hotel,Jeddah,239,Deluxe King Room,1,7.5,Good,2247,1
Hawadah Hotel,Jeddah,245,Double Room with Sea View,2,7.3,Good,460,1
شدون للوحدات السكنية,Buraydah,144,Economy Double Room,1,6.9,Review score,170,1
فندق رحابة Rahabah Hotel,Madinah,158,Budget Double Room,1,7.2,Good,13,1
Acacia Aparthotel,Jeddah,180,Standard Studio,2,7.4,Good,1387,1
Al Muhaidb Residence Al Dawadmi,Riyadh,350,Two-Bedroom Apartment,3,8.7,Fabulous,663,1
Rayat Alshalal Hotel 2,Hafr Al Baten,315,Deluxe Double or Twin Room,1,8.2,Very good,91,1
Rabigh Tower Hotel,Rabigh,140,Double Room,1,5.5,Review score,210,1
دالين جدة,Jeddah ,160,Studio,1,0.0,,0,1
الديوان للوحدات السكنية,Makkah ,130,One-Bedroom Apartment,1,5.1,Review score,62,1
Plaza Business Hotel,Riyadh,231,Standard Double or Twin Room,2,6.6,Review score,3576,1
ارياف القهيب للشقق المفروشه بالطايف,Taif,115,One-Bedroom Apartment,1,0.0,,0,1
القصر المميز للوحدات السكنية,Riyadh,107,One-Bedroom Apartment,1,6.5,Review score,13,1
ASTER HOTEL,Jeddah ,285,Deluxe Double Room with Side Sea View,1,7.6,Good,1401,1
ريف الهجرة للوحدات السكنية,Al ‘Awālī,122,Deluxe Single Room,1,7.4,Good,135,1
فندق سبال,Madinah,140,Double Room,2,6.4,Review score,227,1
Sama Inn Hotel,Riyadh,254,Superior Single Room,1,7.8,Good,310,1
Al Kiswah Towers Hotel,Makkah,99,Standard Double or Twin Room,2,8.2,Very good,5241,1
دوفيل ان,Şabyā,350,Deluxe King Room,1,8.3,Very good,72,1
رواح للوحدات السكنية,Jeddah,190,One-Bedroom Apartment,2,7.5,Good,180,1
Saif Boutique Hotel International,Al Qassim ,315,Classic King Room,1,7.6,Good,455,1
استراحة قطوف الورد بالطايف,Taif,500,Deluxe Room (2 Adults + 1 Child),1,0.0,,0,1
شقق بيات العالية بوادي بن هشبل Bayat Al aliah Apartments in Wadi bin Hashbal,Khamis Mushayt,130,One-Bedroom Apartment,4,8.9,Fabulous,21,1
سرو للوحدات السكنية,Al Namas,250,One-Bedroom Villa,1,7.6,Good,425,1
Mena Andalusia Riyadh,Riyadh ,213,Standard Room Twin,1,7.2,Good,3259,1
Bhadur Resort Jeddah,Obhor,600,Standard  Room,1,5.7,Review score,852,1
Quartz Executive كوارتز التنفيذية,Abha,322,Superior Suite,2,8.5,Very good,87,1
رواسل,Jeddah,208,Two-Bedroom Apartment,4,8.1,Very good,79,1
Almuhaidb Residence Al Jubail,Al Jubail,270,Standard King Room,1,7.7,Good,1595,1
فندق العرب إن,Riyadh,80,Budget Triple Room,3,7.3,Good,33,1
Royal El Naser Hotel,Al Khobar,200,Budget Single Room,1,5.4,Review score,374,1
Karam Hiraa Hotel Apartments - كرم حراء للشقق الفندقية,Jeddah,215,Deluxe King Studio,1,8.0,Very good,863,1
Crown Rose Hotel,Riyadh,360,Superior King Room,1,7.8,Good,1139,1
دار اجواء 2,Riyadh,179,One-Bedroom Apartment,1,0.0,,0,1
بسمة,Abha  ,119,Two-Bedroom Apartment,6,5.5,Review score,24,1
Aber Al Takhassusi,Riyadh,495,Deluxe King Room,1,8.5,Very good,535,1
فندق العاصمة,Riyadh,105,Double Room,1,6.0,Review score,44,1
Rollins Hotel,Buraydah,279,King Suite,1,8.0,Very good,2014,1
فندق حديقة القصور,Jazan,212,Economy Double Room,1,8.0,Very good,71,1
Obaer Hotel,Riyadh,350,Deluxe King Room,1,7.3,Good,2799,1
وارفة للشقق المفروشة,Jeddah ,170,Studio,1,7.1,Good,406,1
لوس للشقق المفروشة,Riyadh,150,Studio,1,6.1,Review score,65,1
A H Hotel,Jeddah,158,Studio,1,8.1,Very good,2121,1
سرور,Riyadh ,55,Single Room,1,0.0,,0,1
Al Nabarees Al Masi Hotel,Jeddah,106,Deluxe Twin Room,2,6.5,Review score,1693,1
Golden Tulip Hail,Hail,318,Executive Room,1,6.5,Review score,1797,1
Adwaa Rafa,Al Kharj,113,Deluxe Room (2 Adults + 1 Child),1,7.5,Good,659,1
ريف عسير للشقق المفروشة,Khamis Mushayt,123,Single Room,1,7.5,Good,34,1
Orchida Turaif Hotel 1,Turayf,125,Twin Room,2,6.0,Review score,23,1
Diamond Suites,Madinah,134,Economy Double Room,1,7.1,Good,144,1
Areen ApartHotel,Riyadh,203,Deluxe Double Room,1,7.4,Good,521,1
Jinan Al Nakhil Apartment Hotel,Riyadh,193,Superior Suite,1,8.6,Fabulous,117,1
The District Hotel Najran,Najran,310,Deluxe Double Room with City View,1,8.4,Very good,993,1
سفن سيز 2 للوحدات السكينه,Jeddah  ,162,One-Bedroom Apartment,3,5.5,Review score,236,1
Freesia Hotel,Jeddah  ,270,One-Bedroom Suite,1,7.8,Good,59,1
Pearl of Vision Hotel,Jeddah  ,153,Standard Single Room,1,8.5,Very good,134,1
Raoum Inn - Hawtah Bani Tamim,Riyadh,165,One-Bedroom Suite,1,6.4,Review score,126,1
Safa Albawadi,Jeddah  ,115,Twin Room,2,7.6,Good,773,1
Aber Hotel Unayzah,Unayzah  ,285,Twin Room,2,8.4,Very good,648,1
Golden Tulip Al Nasiriah Hotel,Riyadh,291,Standard King Room,1,6.6,Review score,3521,1
Al Rahden Hotel,Riyadh,594,Deluxe Double or Twin Room with Balcony,2,8.5,Very good,660,1
Toot House,Taif,250,One-Bedroom Apartment,1,8.2,Very good,1933,1
Hayah Golden Hotel,Madinah,122,Quadruple Room,4,6.9,Review score,1206,1
Qasr Al Nabarees ApartHotel,Jeddah,124,One-Bedroom Apartment,2,5.1,Review score,167,1
القصر للاجنحة الفندقية 7 الواديين,Khamis Mushayt,360,Junior Suite,2,8.7,Fabulous,100,1
Midan Hotel,Makkah,189,Double Room,1,8.6,Fabulous,3508,1
Taraf Al Asalah Villas,Asir,200,One-Bedroom Villa,1,7.4,Good,125,1
Lavana Furnished Apartments Salam,Jeddah,161,Studio,1,7.9,Good,796,1
Bay La Sun Hotel and Marina - KAEC,King Abdullah Economic City,1074,Deluxe Double Room with City View,1,8.2,Very good,9054,1
Vision of Onaizah Furnished Units,Unayzah,153,Twin Room,2,8.2,Very good,829,1
فندق لافندر,Taif,499,Deluxe Suite,1,8.3,Very good,632,1
Dar Al Naem Hotel,Madinah,150,Standard Twin Room,2,6.4,Review score,1371,1
Marriott Executive Apartments Madinah,Madinah,850,"Studio Apartment, 1 King, Sofa bed, Garden view",2,9.0,Superb,895,1
Mnazel Jawraq,Riyadh,2250,Villa with Private Pool,4,8.8,Fabulous,58,1
شاليهات ويڤ Wave Resorts,Al Khobar,3750,Chalet,4,7.9,Good,39,1
Villa Al Nakhil,King Abdullah Economic City,1764,Three-Bedroom Villa,5,0.0,,0,1
دار الود للأجنحة الفندقية,Jeddah,217,Studio,1,8.2,Very good,336,1
Alreef Diamond Villas,Taif,1500,Standard Villa,13,9.0,Superb,101,1
Rolana Furnished Apartments,Jeddah,189,Deluxe Studio,1,7.5,Good,40,1
Saray Chalet at Amwaj Resort شاليه ساراي في منتجع أمواج للعائلات فقط,Al Khobar,4079,Four-Bedroom House,7,8.3,Very good,12,1
Shams W Qamar Chalets,Taif,1170,One-Bedroom Chalet,5,8.5,Very good,20,1
فندق حياة تاون,Umm Lajj,629,Deluxe Suite,2,7.3,Good,8,1
Luqya Hotel Suites,Jeddah ,140,Studio Apartment,1,7.6,Good,97,1
Kadi Hotel,Najran,177,One-Bedroom Suite,2,7.8,Good,44,1
فلل المدينة العاليةVIP,Abha,3200,Two-Bedroom Villa,3,0.0,,0,1
Tanuma Aram Hospitality - Hotel Apartments,Tanomah,247,Studio with Mountain View,1,8.2,Very good,1005,1
Al Farhan Dumah Al Jandal,Dawmat al Jandal,179,Deluxe Apartment,2,8.2,Very good,105,1
Al Meshan Hotel,Madinah,120,Double or Twin Room with Bathroom,1,6.8,Review score,55,1
فندق الكامل,Makkah,250,Double or Twin Room,1,8.6,Fabulous,52,1
فندق بلانتي,Makkah,136,Basic Triple Room,3,8.0,Very good,85,1
فندق برج الإبريز,Baish,238,King Room,1,7.7,Good,186,1
Raoum Inn Shaqra,Shaqra,150,Superior Double Room,1,6.6,Review score,188,1
Al Lord Hotel,Hafr Al Baten,200,Studio Apartment,1,7.6,Good,89,1
Asfar Hotel Suites,Shaqra  ,241,Standard Suite,1,8.9,Fabulous,214,1
Khabti Grand Hotel,Bishah,400,Budget Double Room,1,8.3,Very good,1310,1
Golden Sea Hotel,Obhor ,340,Junior Suite,1,8.2,Very good,172,1
Desert Rose Motel,Al Ghat,150,Family Room with Private Bathroom,1,0.0,,0,1
Golden Dune Hotel,Turayf,250,Small Double Room,1,9.0,Superb,1735,1
قصر البالود 2,Riyadh,127,Budget Double Room,1,8.9,Fabulous,228,1
العييري للوحدات المفروشة الباحة3,Buraydah,110,Double Room with Private Bathroom,2,3.7,Review score,72,1